,Symbol,Open,High,Low,Close,Adj_Close,Volume,day,date
1,GOOG,526.114746,528.362366,521.231628,521.937744,521.937744,1447600.0,1,2015-01-02
2,GOOG,520.39624,521.460388,510.252045,511.057617,511.057617,2059800.0,2,2015-01-05
3,GOOG,512.181458,513.350037,498.3078,499.212799,499.212799,2899900.0,3,2015-01-06
4,GOOG,504.22522,504.467896,496.915436,498.357513,498.357513,2065100.0,4,2015-01-07
5,GOOG,495.264526,500.724487,488.312805,499.928864,499.928864,3353600.0,5,2015-01-08
6,GOOG,501.997498,502.156616,492.082062,493.454498,493.454498,2069400.0,6,2015-01-09
7,GOOG,492.231232,493.261566,484.891632,489.854309,489.854309,2322400.0,7,2015-01-12
8,GOOG,496.109894,500.227234,489.69519,493.464447,493.464447,2370500.0,8,2015-01-13
9,GOOG,491.94281,500.475861,490.301849,498.128784,498.128784,2235700.0,9,2015-01-14
10,GOOG,502.80304,502.912445,495.035797,499.043732,499.043732,2715800.0,10,2015-01-15
11,GOOG,497.273468,505.408722,497.263519,505.299316,505.299316,2298300.0,11,2015-01-16
12,GOOG,508.203339,509.695129,503.246613,504.125763,504.125763,2227900.0,12,2015-01-20
13,GOOG,504.473846,516.437988,503.429596,515.204773,515.204773,2268700.0,13,2015-01-21
14,GOOG,518.625977,533.394714,516.855713,531.465332,531.465332,2676900.0,14,2015-01-22
15,GOOG,532.658752,539.202759,530.082947,536.994873,536.994873,2273000.0,15,2015-01-23
16,GOOG,535.582642,536.05011,526.771179,532.280823,532.280823,1543700.0,16,2015-01-26
17,GOOG,527.069519,527.795532,515.354004,515.791565,515.791565,1904000.0,17,2015-01-27
18,GOOG,519.918884,520.127686,507.208801,507.208801,507.208801,1683800.0,18,2015-01-28
19,GOOG,508.203339,508.292847,498.45697,507.865204,507.865204,4186400.0,19,2015-01-29
20,GOOG,513.036743,536.915344,512.698608,531.594604,531.594604,5606400.0,20,2015-01-30
21,GOOG,528.819885,530.082947,515.712036,525.587646,525.587646,2849800.0,21,2015-02-02
22,GOOG,525.110291,530.480713,520.39624,526.343506,526.343506,2034800.0,22,2015-02-03
23,GOOG,526.343506,529.756714,518.417114,519.898987,519.898987,1663700.0,23,2015-02-04
24,GOOG,520.92334,525.607544,519.232666,524.692566,524.692566,1849800.0,24,2015-02-05
25,GOOG,524.752258,534.259949,523.528992,528.093872,528.093872,1749400.0,25,2015-02-06
26,GOOG,525.110291,529.088379,523.141113,524.941223,524.941223,1267800.0,26,2015-02-09
27,GOOG,526.403198,534.757202,524.036194,534.001343,534.001343,1749900.0,27,2015-02-10
28,GOOG,532.370361,535.503113,530.458862,533.036682,533.036682,1377800.0,28,2015-02-11
29,GOOG,534.309692,541.838257,531.746765,539.958557,539.958557,1620200.0,29,2015-02-12
30,GOOG,540.376282,546.900391,540.157471,546.00531,546.00531,1900300.0,30,2015-02-13
31,GOOG,543.837219,546.989868,538.128662,539.86908,539.86908,1616800.0,31,2015-02-17
32,GOOG,538.436951,542.504578,534.568237,536.746277,536.746277,1451600.0,32,2015-02-18
33,GOOG,535.097717,540.140015,535.067932,539.901306,539.901306,991800.0,33,2015-02-19
34,GOOG,540.157471,540.774109,532.867615,536.000366,536.000366,1444400.0,34,2015-02-20
35,GOOG,533.116211,533.503113,526.512573,528.998901,528.998901,1457900.0,35,2015-02-23
36,GOOG,527.099365,533.852173,525.358948,533.156006,533.156006,1005100.0,36,2015-02-24
37,GOOG,532.967041,543.230591,532.514526,540.893433,540.893433,1826000.0,37,2015-02-25
38,GOOG,540.237061,553.096313,538.536377,552.43988,552.43988,2311500.0,38,2015-02-26
39,GOOG,551.206665,561.619385,549.874023,555.343933,555.343933,2410200.0,39,2015-02-27
40,GOOG,557.46228,569.018677,555.692017,568.213074,568.213074,2129600.0,40,2015-03-02
41,GOOG,567.327942,572.240906,563.419495,570.500488,570.500488,1704800.0,41,2015-03-03
42,GOOG,568.740173,573.951538,564.901306,570.231995,570.231995,1718500.0,42,2015-03-04
43,GOOG,571.872925,574.747131,570.27179,572.181274,572.181274,1389600.0,43,2015-03-05
44,GOOG,571.733704,573.523865,563.658142,564.578125,564.578125,1659100.0,44,2015-03-06
45,GOOG,563.757629,567.148926,560.450806,565.736694,565.736694,1062100.0,45,2015-03-09
46,GOOG,561.161926,561.758606,551.694031,551.972473,551.972473,1772400.0,46,2015-03-10
47,GOOG,552.101746,555.085327,547.666138,548.163452,548.163452,1820800.0,47,2015-03-11
48,GOOG,550.480652,553.325012,547.447388,552.469727,552.469727,1389600.0,48,2015-03-12
49,GOOG,550.470703,555.343933,541.241516,544.324585,544.324585,1703600.0,49,2015-03-13
50,GOOG,547.934692,553.802368,543.01178,551.47522,551.47522,1641000.0,50,2015-03-16
51,GOOG,548.690552,550.769104,545.000854,547.825317,547.825317,1803200.0,51,2015-03-17
52,GOOG,549.476196,556.71637,544.006287,556.437866,556.437866,2130200.0,52,2015-03-18
53,GOOG,556.328491,557.730774,553.101257,554.936157,554.936157,1197300.0,53,2015-03-19
54,GOOG,558.576111,558.645752,555.990356,557.293213,557.293213,2616900.0,54,2015-03-20
55,GOOG,557.362793,559.282227,552.787964,555.751648,555.751648,1630100.0,55,2015-03-23
56,GOOG,559.48114,571.445313,558.13855,567.069397,567.069397,2583300.0,56,2015-03-24
57,GOOG,567.377686,569.128052,555.682068,555.726807,555.726807,2152300.0,57,2015-03-25
58,GOOG,554.53833,555.841187,547.636353,552.131592,552.131592,1572600.0,58,2015-03-26
59,GOOG,549.97345,552.240967,545.130127,545.338989,545.338989,1894400.0,59,2015-03-27
60,GOOG,548.601013,550.440918,545.169922,549.008789,549.008789,1287500.0,60,2015-03-30
61,GOOG,546.989868,551.674133,543.727844,545.000854,545.000854,1588000.0,61,2015-03-31
62,GOOG,545.597534,548.123657,536.547363,539.590576,539.590576,1952900.0,62,2015-04-01
63,GOOG,537.889954,537.889954,530.925293,532.59906,532.59906,1716400.0,63,2015-04-02
64,GOOG,529.30719,535.463318,526.671692,533.827332,533.827332,1324400.0,64,2015-04-06
65,GOOG,535.135132,539.71991,533.066528,534.080933,534.080933,1302900.0,65,2015-04-07
66,GOOG,535.433472,540.873535,535.433472,538.645813,538.645813,1178500.0,66,2015-04-08
67,GOOG,538.06897,538.983948,532.559326,537.820374,537.820374,1557900.0,67,2015-04-09
68,GOOG,539.322083,539.322083,534.369324,537.054565,537.054565,1409500.0,68,2015-04-10
69,GOOG,535.463318,541.082397,534.369324,536.219177,536.219177,1645300.0,69,2015-04-13
70,GOOG,533.315125,534.62793,525.201782,527.487183,527.487183,2597300.0,70,2015-04-14
71,GOOG,525.808838,531.805847,520.358765,529.617859,529.617859,2325200.0,71,2015-04-15
72,GOOG,526.999878,532.658752,526.711487,530.87854,530.87854,1299900.0,72,2015-04-16
73,GOOG,525.766663,526.940247,518.158569,521.181885,521.181885,2144100.0,73,2015-04-17
74,GOOG,522.72345,533.156006,521.629456,532.44989,532.44989,1679300.0,74,2015-04-20
75,GOOG,534.570618,536.440369,530.756592,531.049988,531.049988,1849800.0,75,2015-04-21
76,GOOG,531.475281,538.118713,528.839783,536.413086,536.413086,1593600.0,76,2015-04-22
77,GOOG,538.039124,547.944641,537.273376,544.006287,544.006287,4184900.0,77,2015-04-23
78,GOOG,563.00177,568.01416,554.200195,561.967468,561.967468,4932500.0,78,2015-04-24
79,GOOG,563.390015,565.950012,553.200012,555.369995,555.369995,2398000.0,79,2015-04-27
80,GOOG,554.640015,556.02002,550.366028,553.679993,553.679993,1491000.0,80,2015-04-28
81,GOOG,550.469971,553.679993,546.905029,549.080017,549.080017,1698800.0,81,2015-04-29
82,GOOG,547.869995,548.590027,535.049988,537.340027,537.340027,2082200.0,82,2015-04-30
83,GOOG,538.429993,539.539978,532.099976,537.900024,537.900024,1768200.0,83,2015-05-01
84,GOOG,538.530029,544.070007,535.059998,540.780029,540.780029,1308000.0,84,2015-05-04
85,GOOG,538.210022,539.73999,530.390991,530.799988,530.799988,1383100.0,85,2015-05-05
86,GOOG,531.23999,532.380005,521.085022,524.219971,524.219971,1567000.0,86,2015-05-06
87,GOOG,523.98999,533.460022,521.75,530.700012,530.700012,1546300.0,87,2015-05-07
88,GOOG,536.650024,541.150024,525.0,538.219971,538.219971,1527600.0,88,2015-05-08
89,GOOG,538.369995,541.97998,535.400024,535.700012,535.700012,905300.0,89,2015-05-11
90,GOOG,531.599976,533.208984,525.26001,529.039978,529.039978,1634200.0,90,2015-05-12
91,GOOG,530.559998,534.322021,528.655029,529.619995,529.619995,1252300.0,91,2015-05-13
92,GOOG,533.77002,539.0,532.409973,538.400024,538.400024,1403900.0,92,2015-05-14
93,GOOG,539.179993,539.273987,530.380005,533.849976,533.849976,1971300.0,93,2015-05-15
94,GOOG,532.01001,534.820007,528.849976,532.299988,532.299988,1998600.0,94,2015-05-18
95,GOOG,533.97998,540.659973,533.039978,537.359985,537.359985,1966900.0,95,2015-05-19
96,GOOG,538.48999,542.919983,532.971985,539.27002,539.27002,1430800.0,96,2015-05-20
97,GOOG,537.950012,543.840027,535.97998,542.51001,542.51001,1462700.0,97,2015-05-21
98,GOOG,540.150024,544.190002,539.51001,540.109985,540.109985,1176200.0,98,2015-05-22
99,GOOG,538.119995,539.0,529.880005,532.320007,532.320007,2406500.0,99,2015-05-26
100,GOOG,532.799988,540.549988,531.710022,539.789978,539.789978,1525000.0,100,2015-05-27
101,GOOG,538.01001,540.609985,536.25,539.780029,539.780029,1029800.0,101,2015-05-28
102,GOOG,537.369995,538.630005,531.450012,532.109985,532.109985,2584900.0,102,2015-05-29
103,GOOG,536.789978,536.789978,529.76001,533.98999,533.98999,1904300.0,103,2015-06-01
104,GOOG,532.929993,543.0,531.330017,539.179993,539.179993,1934700.0,104,2015-06-02
105,GOOG,539.909973,543.5,537.109985,540.309998,540.309998,1717000.0,105,2015-06-03
106,GOOG,537.76001,540.590027,534.320007,536.700012,536.700012,1348300.0,106,2015-06-04
107,GOOG,536.349976,537.200012,532.52002,533.330017,533.330017,1388200.0,107,2015-06-05
108,GOOG,533.309998,534.119995,526.23999,526.830017,526.830017,1520600.0,108,2015-06-08
109,GOOG,527.559998,529.200012,523.01001,526.690002,526.690002,1455300.0,109,2015-06-09
110,GOOG,529.359985,538.359985,529.349976,536.690002,536.690002,1815000.0,110,2015-06-10
111,GOOG,538.424988,538.97998,533.02002,534.609985,534.609985,1217500.0,111,2015-06-11
112,GOOG,531.599976,533.119995,530.159973,532.330017,532.330017,955800.0,112,2015-06-12
113,GOOG,528.0,528.299988,524.0,527.200012,527.200012,1632700.0,113,2015-06-15
114,GOOG,528.400024,529.640015,525.559998,528.150024,528.150024,1071800.0,114,2015-06-16
115,GOOG,529.369995,530.97998,525.099976,529.26001,529.26001,1294200.0,115,2015-06-17
116,GOOG,531.0,538.150024,530.789978,536.72998,536.72998,1833100.0,116,2015-06-18
117,GOOG,537.210022,538.25,533.01001,536.690002,536.690002,1893500.0,117,2015-06-19
118,GOOG,539.590027,543.73999,537.530029,538.190002,538.190002,1250300.0,118,2015-06-22
119,GOOG,539.640015,541.499023,535.25,540.47998,540.47998,1197500.0,119,2015-06-23
120,GOOG,540.0,540.0,535.659973,537.840027,537.840027,1286600.0,120,2015-06-24
121,GOOG,538.869995,540.900024,535.22998,535.22998,535.22998,1335700.0,121,2015-06-25
122,GOOG,537.26001,537.76001,531.349976,531.690002,531.690002,2109100.0,122,2015-06-26
123,GOOG,525.01001,528.609985,520.539978,521.52002,521.52002,1937800.0,123,2015-06-29
124,GOOG,526.02002,526.25,520.5,520.51001,520.51001,2235600.0,124,2015-06-30
125,GOOG,524.72998,525.690002,518.22998,521.840027,521.840027,1961000.0,125,2015-07-01
126,GOOG,521.080017,524.650024,521.080017,523.400024,523.400024,1235900.0,126,2015-07-02
127,GOOG,519.5,525.25,519.0,522.859985,522.859985,1280500.0,127,2015-07-06
128,GOOG,523.130005,526.179993,515.179993,525.02002,525.02002,1597200.0,128,2015-07-07
129,GOOG,521.049988,522.734009,516.109985,516.830017,516.830017,1296700.0,129,2015-07-08
130,GOOG,523.119995,523.77002,520.349976,520.679993,520.679993,1842300.0,130,2015-07-09
131,GOOG,526.289978,532.559998,525.549988,530.130005,530.130005,1956700.0,131,2015-07-10
132,GOOG,532.880005,547.109985,532.400024,546.549988,546.549988,2206500.0,132,2015-07-13
133,GOOG,546.76001,565.848999,546.710022,561.099976,561.099976,3244100.0,133,2015-07-14
134,GOOG,560.130005,566.502991,556.789978,560.219971,560.219971,1784600.0,134,2015-07-15
135,GOOG,565.119995,580.679993,565.0,579.849976,579.849976,4768300.0,135,2015-07-16
136,GOOG,649.0,674.468018,645.0,672.929993,672.929993,11164900.0,136,2015-07-17
137,GOOG,659.23999,668.880005,653.01001,663.02002,663.02002,5860900.0,137,2015-07-20
138,GOOG,655.210022,673.0,654.299988,662.299988,662.299988,3377200.0,138,2015-07-21
139,GOOG,660.890015,678.640015,659.0,662.099976,662.099976,3929300.0,139,2015-07-22
140,GOOG,661.27002,663.630005,641.0,644.280029,644.280029,3029100.0,140,2015-07-23
141,GOOG,647.0,648.169983,622.52002,623.559998,623.559998,3625700.0,141,2015-07-24
142,GOOG,621.0,634.299988,620.5,627.26001,627.26001,2675400.0,142,2015-07-27
143,GOOG,632.830017,632.830017,623.309998,628.0,628.0,1727300.0,143,2015-07-28
144,GOOG,628.799988,633.359985,622.650024,631.929993,631.929993,1575100.0,144,2015-07-29
145,GOOG,630.0,635.219971,622.049988,632.590027,632.590027,1474200.0,145,2015-07-30
146,GOOG,631.380005,632.909973,625.5,625.609985,625.609985,1706100.0,146,2015-07-31
147,GOOG,625.340027,633.05603,625.340027,631.210022,631.210022,1304500.0,147,2015-08-03
148,GOOG,628.419983,634.809998,627.159973,629.25,629.25,1490900.0,148,2015-08-04
149,GOOG,634.330017,647.859985,633.159973,643.780029,643.780029,2334300.0,149,2015-08-05
150,GOOG,645.0,645.379028,632.25,642.679993,642.679993,1572600.0,150,2015-08-06
151,GOOG,640.22998,642.679993,629.710022,635.299988,635.299988,1403900.0,151,2015-08-07
152,GOOG,639.47998,643.440002,631.249023,633.72998,633.72998,1809200.0,152,2015-08-10
153,GOOG,669.200012,674.900024,654.27002,660.780029,660.780029,5000900.0,153,2015-08-11
154,GOOG,663.080017,665.0,652.289978,659.559998,659.559998,2936700.0,154,2015-08-12
155,GOOG,659.322021,664.5,651.661011,656.450012,656.450012,1810700.0,155,2015-08-13
156,GOOG,655.01001,659.85498,652.659973,657.119995,657.119995,1069900.0,156,2015-08-14
157,GOOG,656.799988,661.380005,651.23999,660.869995,660.869995,1051700.0,157,2015-08-17
158,GOOG,661.900024,664.0,653.460022,656.130005,656.130005,1456100.0,158,2015-08-18
159,GOOG,656.599976,667.0,654.190002,660.900024,660.900024,2134100.0,159,2015-08-19
160,GOOG,655.460022,662.98999,642.900024,646.830017,646.830017,2855300.0,160,2015-08-20
161,GOOG,639.780029,640.049988,612.330017,612.47998,612.47998,4265200.0,161,2015-08-21
162,GOOG,573.0,599.330017,565.049988,589.609985,589.609985,5770300.0,162,2015-08-24
163,GOOG,614.909973,617.450012,581.109985,582.059998,582.059998,3538000.0,163,2015-08-25
164,GOOG,610.349976,631.710022,599.049988,628.619995,628.619995,4235900.0,164,2015-08-26
165,GOOG,639.400024,643.590027,622.0,637.609985,637.609985,3491300.0,165,2015-08-27
166,GOOG,632.820007,636.880005,624.559998,630.380005,630.380005,1978700.0,166,2015-08-28
167,GOOG,627.539978,635.799988,617.679993,618.25,618.25,2161200.0,167,2015-08-31
168,GOOG,602.359985,612.859985,594.099976,597.789978,597.789978,3702100.0,168,2015-09-01
169,GOOG,605.590027,614.340027,599.710022,614.340027,614.340027,2575600.0,169,2015-09-02
170,GOOG,617.0,619.710022,602.820984,606.25,606.25,1759600.0,170,2015-09-03
171,GOOG,600.0,603.469971,595.25,600.700012,600.700012,2089000.0,171,2015-09-04
172,GOOG,612.48999,616.309998,604.119995,614.659973,614.659973,2279500.0,172,2015-09-08
173,GOOG,621.219971,626.52002,609.599976,612.719971,612.719971,1693900.0,173,2015-09-09
174,GOOG,613.099976,624.159973,611.429993,621.349976,621.349976,1905300.0,174,2015-09-10
175,GOOG,619.75,625.780029,617.419983,625.77002,625.77002,1373500.0,175,2015-09-11
176,GOOG,625.700012,625.859985,619.429993,623.23999,623.23999,1702300.0,176,2015-09-14
177,GOOG,626.700012,638.700012,623.780029,635.140015,635.140015,2082100.0,177,2015-09-15
178,GOOG,635.469971,637.950012,632.320007,635.97998,635.97998,1286500.0,178,2015-09-16
179,GOOG,637.789978,650.900024,635.02002,642.900024,642.900024,2274700.0,179,2015-09-17
180,GOOG,636.789978,640.0,627.02002,629.25,629.25,5087600.0,180,2015-09-18
181,GOOG,634.400024,636.48999,625.940002,635.440002,635.440002,1788500.0,181,2015-09-21
182,GOOG,627.0,627.549988,615.429993,622.690002,622.690002,2562900.0,182,2015-09-22
183,GOOG,622.049988,628.929993,620.0,622.359985,622.359985,1470900.0,183,2015-09-23
184,GOOG,616.640015,627.320007,612.400024,625.799988,625.799988,2240100.0,184,2015-09-24
185,GOOG,629.77002,629.77002,611.0,611.969971,611.969971,2174000.0,185,2015-09-25
186,GOOG,610.340027,614.60498,589.380005,594.890015,594.890015,3127700.0,186,2015-09-28
187,GOOG,597.280029,605.0,590.219971,594.969971,594.969971,2309500.0,187,2015-09-29
188,GOOG,603.280029,608.76001,600.72998,608.419983,608.419983,2403800.0,188,2015-09-30
189,GOOG,608.369995,612.090027,599.849976,611.289978,611.289978,1867600.0,189,2015-10-01
190,GOOG,607.200012,627.340027,603.130005,626.909973,626.909973,2684800.0,190,2015-10-02
191,GOOG,632.0,643.01001,627.0,641.469971,641.469971,1803600.0,191,2015-10-05
192,GOOG,638.840027,649.25,636.530029,645.440002,645.440002,2166300.0,192,2015-10-06
193,GOOG,649.23999,650.609009,632.150024,642.359985,642.359985,2092700.0,193,2015-10-07
194,GOOG,641.359985,644.450012,625.559998,639.159973,639.159973,2182100.0,194,2015-10-08
195,GOOG,640.0,645.98999,635.317993,643.609985,643.609985,1648700.0,195,2015-10-09
196,GOOG,642.090027,648.5,639.01001,646.669983,646.669983,1275200.0,196,2015-10-12
197,GOOG,643.150024,657.812012,643.150024,652.299988,652.299988,1807700.0,197,2015-10-13
198,GOOG,653.210022,659.390015,648.849976,651.159973,651.159973,1415500.0,198,2015-10-14
199,GOOG,654.659973,663.130005,654.460022,661.73999,661.73999,1885700.0,199,2015-10-15
200,GOOG,664.109985,664.969971,657.200012,662.200012,662.200012,1611100.0,200,2015-10-16
201,GOOG,661.179993,666.820007,659.580017,666.099976,666.099976,1477300.0,201,2015-10-19
202,GOOG,664.039978,664.719971,644.195007,650.280029,650.280029,2490000.0,202,2015-10-20
203,GOOG,654.150024,655.869995,641.72998,642.609985,642.609985,1791100.0,203,2015-10-21
204,GOOG,646.700012,657.799988,644.01001,651.789978,651.789978,4071000.0,204,2015-10-22
205,GOOG,727.5,730.0,701.5,702.0,702.0,6653900.0,205,2015-10-23
206,GOOG,701.549988,719.150024,701.26001,712.780029,712.780029,2716600.0,206,2015-10-26
207,GOOG,707.380005,713.619995,704.549988,708.48999,708.48999,2245800.0,207,2015-10-27
208,GOOG,707.330017,712.97998,703.080017,712.950012,712.950012,2178900.0,208,2015-10-28
209,GOOG,710.5,718.26001,710.01001,716.919983,716.919983,1454100.0,209,2015-10-29
210,GOOG,715.72998,718.0,710.049988,710.809998,710.809998,1908800.0,210,2015-10-30
211,GOOG,711.059998,721.619995,705.849976,721.109985,721.109985,1886300.0,211,2015-11-02
212,GOOG,718.859985,724.650024,714.719971,722.159973,722.159973,1565400.0,212,2015-11-03
213,GOOG,722.0,733.099976,721.900024,728.109985,728.109985,1704600.0,213,2015-11-04
214,GOOG,729.469971,739.47998,729.469971,731.25,731.25,1861600.0,214,2015-11-05
215,GOOG,731.5,735.409973,727.01001,733.76001,733.76001,1511600.0,215,2015-11-06
216,GOOG,730.200012,734.710022,719.429993,724.890015,724.890015,2069800.0,216,2015-11-09
217,GOOG,724.400024,730.590027,718.5,728.320007,728.320007,1608000.0,217,2015-11-10
218,GOOG,732.460022,741.0,730.22998,735.400024,735.400024,1366400.0,218,2015-11-11
219,GOOG,731.0,737.799988,728.64502,731.22998,731.22998,1837200.0,219,2015-11-12
220,GOOG,729.169983,731.150024,716.72998,717.0,717.0,2075500.0,220,2015-11-13
221,GOOG,715.599976,729.48999,711.330017,728.960022,728.960022,1905900.0,221,2015-11-16
222,GOOG,729.289978,731.844971,723.026978,725.299988,725.299988,1510900.0,222,2015-11-17
223,GOOG,727.580017,741.409973,727.0,740.0,740.0,1684300.0,223,2015-11-18
224,GOOG,738.73999,742.0,737.429993,738.409973,738.409973,1327100.0,224,2015-11-19
225,GOOG,746.530029,757.919983,743.0,756.599976,756.599976,2212300.0,225,2015-11-20
226,GOOG,757.450012,762.708008,751.820007,755.97998,755.97998,1414500.0,226,2015-11-23
227,GOOG,752.0,755.278992,737.630005,748.280029,748.280029,2333100.0,227,2015-11-24
228,GOOG,748.140015,752.0,746.059998,748.150024,748.150024,1122100.0,228,2015-11-25
229,GOOG,748.460022,753.409973,747.48999,750.26001,750.26001,838500.0,229,2015-11-27
230,GOOG,748.809998,754.929993,741.27002,742.599976,742.599976,2097600.0,230,2015-11-30
231,GOOG,747.109985,768.950012,746.700012,767.039978,767.039978,2134600.0,231,2015-12-01
232,GOOG,768.900024,775.955017,758.960022,762.380005,762.380005,2230400.0,232,2015-12-02
233,GOOG,766.01001,768.994995,745.630005,752.539978,752.539978,2590600.0,233,2015-12-03
234,GOOG,753.099976,768.48999,750.0,766.809998,766.809998,2757300.0,234,2015-12-04
235,GOOG,767.77002,768.72998,755.090027,763.25,763.25,1812300.0,235,2015-12-07
236,GOOG,757.890015,764.799988,754.200012,762.369995,762.369995,1829500.0,236,2015-12-08
237,GOOG,759.169983,764.22998,737.000977,751.609985,751.609985,2700000.0,237,2015-12-09
238,GOOG,752.849976,755.849976,743.830017,749.460022,749.460022,1984900.0,238,2015-12-10
239,GOOG,741.159973,745.710022,736.75,738.869995,738.869995,2224400.0,239,2015-12-11
240,GOOG,741.789978,748.72998,724.169983,747.77002,747.77002,2412500.0,240,2015-12-14
241,GOOG,753.0,758.080017,743.01001,743.400024,743.400024,2666200.0,241,2015-12-15
242,GOOG,750.0,760.590027,739.434998,758.090027,758.090027,1993300.0,242,2015-12-16
243,GOOG,762.419983,762.679993,749.0,749.429993,749.429993,1553400.0,243,2015-12-17
244,GOOG,746.51001,754.130005,738.150024,739.309998,739.309998,3148700.0,244,2015-12-18
245,GOOG,746.130005,750.0,740.0,747.77002,747.77002,1525700.0,245,2015-12-21
246,GOOG,751.650024,754.849976,745.530029,750.0,750.0,1365400.0,246,2015-12-22
247,GOOG,753.469971,754.210022,744.0,750.309998,750.309998,1565900.0,247,2015-12-23
248,GOOG,749.549988,751.349976,746.619995,748.400024,748.400024,527200.0,248,2015-12-24
249,GOOG,752.919983,762.98999,749.52002,762.51001,762.51001,1515300.0,249,2015-12-28
250,GOOG,766.690002,779.97998,766.429993,776.599976,776.599976,1765000.0,250,2015-12-29
251,GOOG,776.599976,777.599976,766.900024,771.0,771.0,1293300.0,251,2015-12-30
252,GOOG,769.5,769.5,758.340027,758.880005,758.880005,1500900.0,252,2015-12-31
253,GOOG,743.0,744.059998,731.257996,741.840027,741.840027,3272800.0,253,2016-01-04
254,GOOG,746.450012,752.0,738.640015,742.580017,742.580017,1950700.0,254,2016-01-05
255,GOOG,730.0,747.179993,728.919983,743.619995,743.619995,1947000.0,255,2016-01-06
256,GOOG,730.309998,738.5,719.059998,726.390015,726.390015,2963700.0,256,2016-01-07
257,GOOG,731.450012,733.22998,713.0,714.469971,714.469971,2450900.0,257,2016-01-08
258,GOOG,716.609985,718.85498,703.539978,716.030029,716.030029,2089300.0,258,2016-01-11
259,GOOG,721.679993,728.75,717.317017,726.070007,726.070007,2024500.0,259,2016-01-12
260,GOOG,730.849976,734.73999,698.609985,700.559998,700.559998,2501700.0,260,2016-01-13
261,GOOG,705.380005,721.924988,689.099976,714.719971,714.719971,2225800.0,261,2016-01-14
262,GOOG,692.289978,706.73999,685.369995,694.450012,694.450012,3608100.0,262,2016-01-15
263,GOOG,703.299988,709.97998,693.409973,701.789978,701.789978,2268100.0,263,2016-01-19
264,GOOG,688.609985,706.849976,673.26001,698.450012,698.450012,3445000.0,264,2016-01-20
265,GOOG,702.179993,719.190002,694.460022,706.590027,706.590027,2412200.0,265,2016-01-21
266,GOOG,723.599976,728.130005,720.120972,725.25,725.25,2011800.0,266,2016-01-22
267,GOOG,723.580017,729.679993,710.01001,711.669983,711.669983,1711700.0,267,2016-01-25
268,GOOG,713.849976,718.280029,706.47998,713.039978,713.039978,1324300.0,268,2016-01-26
269,GOOG,713.669983,718.234985,694.390015,699.98999,699.98999,2194200.0,269,2016-01-27
270,GOOG,722.219971,733.690002,712.349976,730.960022,730.960022,2676400.0,270,2016-01-28
271,GOOG,731.530029,744.98999,726.799988,742.950012,742.950012,3474300.0,271,2016-01-29
272,GOOG,750.460022,757.859985,743.27002,752.0,752.0,5139200.0,272,2016-02-01
273,GOOG,784.5,789.869995,764.650024,764.650024,764.650024,6348100.0,273,2016-02-02
274,GOOG,770.219971,774.5,720.5,726.950012,726.950012,6171000.0,274,2016-02-03
275,GOOG,722.809998,727.0,701.859985,708.01001,708.01001,5145900.0,275,2016-02-04
276,GOOG,703.869995,703.98999,680.150024,683.570007,683.570007,5105700.0,276,2016-02-05
277,GOOG,667.849976,684.030029,663.059998,682.73999,682.73999,4247400.0,277,2016-02-08
278,GOOG,672.320007,699.900024,668.77002,678.109985,678.109985,3604300.0,278,2016-02-09
279,GOOG,686.859985,701.309998,682.130005,684.119995,684.119995,2638000.0,279,2016-02-10
280,GOOG,675.0,689.349976,668.867981,683.109985,683.109985,3024000.0,280,2016-02-11
281,GOOG,690.26001,693.75,678.599976,682.400024,682.400024,2141400.0,281,2016-02-12
282,GOOG,692.97998,698.0,685.049988,691.0,691.0,2520000.0,282,2016-02-16
283,GOOG,698.090027,709.75,691.380005,708.400024,708.400024,2492600.0,283,2016-02-17
284,GOOG,710.0,712.349976,696.030029,697.349976,697.349976,1883200.0,284,2016-02-18
285,GOOG,695.030029,703.080994,694.049988,700.909973,700.909973,1589300.0,285,2016-02-19
286,GOOG,707.450012,713.23999,702.51001,706.460022,706.460022,1949800.0,286,2016-02-22
287,GOOG,701.450012,708.400024,693.580017,695.849976,695.849976,2009300.0,287,2016-02-23
288,GOOG,688.919983,700.0,680.780029,699.559998,699.559998,1963600.0,288,2016-02-24
289,GOOG,700.01001,705.97998,690.585022,705.75,705.75,1631900.0,289,2016-02-25
290,GOOG,708.580017,713.429993,700.859985,705.070007,705.070007,2243500.0,290,2016-02-26
291,GOOG,700.320007,710.890015,697.679993,697.77002,697.77002,2481100.0,291,2016-02-29
292,GOOG,703.619995,718.809998,699.77002,718.809998,718.809998,2151400.0,292,2016-03-01
293,GOOG,719.0,720.0,712.0,718.849976,718.849976,1629000.0,293,2016-03-02
294,GOOG,718.679993,719.450012,706.02002,712.419983,712.419983,1956800.0,294,2016-03-03
295,GOOG,714.98999,716.48999,706.02002,710.890015,710.890015,1972100.0,295,2016-03-04
296,GOOG,706.900024,708.091003,686.900024,695.159973,695.159973,2985100.0,296,2016-03-07
297,GOOG,688.590027,703.789978,685.340027,693.969971,693.969971,2076300.0,297,2016-03-08
298,GOOG,698.469971,705.679993,694.0,705.23999,705.23999,1421500.0,298,2016-03-09
299,GOOG,708.119995,716.440002,703.359985,712.820007,712.820007,2829400.0,299,2016-03-10
300,GOOG,720.0,726.919983,717.125,726.820007,726.820007,1970800.0,300,2016-03-11
301,GOOG,726.809998,735.5,725.150024,730.48999,730.48999,1718300.0,301,2016-03-14
302,GOOG,726.919983,732.289978,724.77002,728.330017,728.330017,1721000.0,302,2016-03-15
303,GOOG,726.369995,737.469971,724.51001,736.090027,736.090027,1624400.0,303,2016-03-16
304,GOOG,736.450012,743.070007,736.0,737.780029,737.780029,1860800.0,304,2016-03-17
305,GOOG,741.859985,742.0,731.830017,737.599976,737.599976,2980700.0,305,2016-03-18
306,GOOG,736.5,742.5,733.515991,742.090027,742.090027,1836500.0,306,2016-03-21
307,GOOG,737.460022,745.0,737.460022,740.75,740.75,1269700.0,307,2016-03-22
308,GOOG,742.359985,745.719971,736.150024,738.059998,738.059998,1432100.0,308,2016-03-23
309,GOOG,732.01001,737.747009,731.0,735.299988,735.299988,1594900.0,309,2016-03-24
310,GOOG,736.789978,738.98999,732.5,733.530029,733.530029,1301300.0,310,2016-03-28
311,GOOG,734.590027,747.25,728.76001,744.77002,744.77002,1902100.0,311,2016-03-29
312,GOOG,750.099976,757.880005,748.73999,750.530029,750.530029,1782400.0,312,2016-03-30
313,GOOG,749.25,750.849976,740.940002,744.950012,744.950012,1718800.0,313,2016-03-31
314,GOOG,738.599976,750.340027,737.0,749.909973,749.909973,1576700.0,314,2016-04-01
315,GOOG,750.059998,752.799988,742.429993,745.289978,745.289978,1134200.0,315,2016-04-04
316,GOOG,738.0,742.799988,735.369995,737.799988,737.799988,1132300.0,316,2016-04-05
317,GOOG,735.77002,746.23999,735.559998,745.690002,745.690002,1050200.0,317,2016-04-06
318,GOOG,745.369995,747.0,736.280029,740.280029,740.280029,1453200.0,318,2016-04-07
319,GOOG,743.969971,745.450012,735.549988,739.150024,739.150024,1290800.0,319,2016-04-08
320,GOOG,743.02002,745.0,736.049988,736.099976,736.099976,1220100.0,320,2016-04-11
321,GOOG,738.0,743.830017,731.01001,743.090027,743.090027,1349700.0,321,2016-04-12
322,GOOG,749.159973,754.380005,744.260986,751.719971,751.719971,1707100.0,322,2016-04-13
323,GOOG,754.01001,757.309998,752.705017,753.200012,753.200012,1131000.0,323,2016-04-14
324,GOOG,753.97998,761.0,752.69397,759.0,759.0,1809300.0,324,2016-04-15
325,GOOG,760.460022,768.049988,757.299988,766.609985,766.609985,1556000.0,325,2016-04-18
326,GOOG,769.51001,769.900024,749.330017,753.929993,753.929993,2030500.0,326,2016-04-19
327,GOOG,758.0,758.132019,750.01001,752.669983,752.669983,1529200.0,327,2016-04-20
328,GOOG,755.380005,760.450012,749.549988,759.140015,759.140015,3060500.0,328,2016-04-21
329,GOOG,726.299988,736.119995,713.609985,718.77002,718.77002,5951900.0,329,2016-04-22
330,GOOG,716.099976,723.929993,715.590027,723.150024,723.150024,1959200.0,330,2016-04-25
331,GOOG,725.419983,725.765991,703.026001,708.140015,708.140015,2744600.0,331,2016-04-26
332,GOOG,707.289978,708.97998,692.36499,705.840027,705.840027,3098600.0,332,2016-04-27
333,GOOG,708.26001,714.169983,689.549988,691.02002,691.02002,2867300.0,333,2016-04-28
334,GOOG,690.700012,697.619995,689.0,693.01001,693.01001,2487700.0,334,2016-04-29
335,GOOG,697.630005,700.640015,691.0,698.210022,698.210022,1645300.0,335,2016-05-02
336,GOOG,696.869995,697.840027,692.0,692.359985,692.359985,1543800.0,336,2016-05-03
337,GOOG,690.48999,699.75,689.01001,695.700012,695.700012,1688600.0,337,2016-05-04
338,GOOG,697.700012,702.320007,695.719971,701.429993,701.429993,1683500.0,338,2016-05-05
339,GOOG,698.380005,711.859985,698.106995,711.119995,711.119995,1829300.0,339,2016-05-06
340,GOOG,712.0,718.710022,710.0,712.900024,712.900024,1510300.0,340,2016-05-09
341,GOOG,716.75,723.5,715.719971,723.179993,723.179993,1563100.0,341,2016-05-10
342,GOOG,723.409973,724.47998,712.799988,715.289978,715.289978,1692100.0,342,2016-05-11
343,GOOG,717.059998,719.25,709.0,713.309998,713.309998,1360700.0,343,2016-05-12
344,GOOG,711.929993,716.661987,709.26001,710.830017,710.830017,1314500.0,344,2016-05-13
345,GOOG,709.130005,718.47998,705.650024,716.48999,716.48999,1317100.0,345,2016-05-16
346,GOOG,715.98999,721.52002,704.109985,706.22998,706.22998,2001200.0,346,2016-05-17
347,GOOG,703.669983,711.599976,700.630005,706.630005,706.630005,1766800.0,347,2016-05-18
348,GOOG,702.359985,706.0,696.799988,700.320007,700.320007,1670200.0,348,2016-05-19
349,GOOG,701.619995,714.580017,700.52002,709.73999,709.73999,1828400.0,349,2016-05-20
350,GOOG,706.530029,711.478027,704.179993,704.23999,704.23999,1320900.0,350,2016-05-23
351,GOOG,706.859985,720.969971,706.859985,720.090027,720.090027,1929500.0,351,2016-05-24
352,GOOG,720.76001,727.51001,719.705017,725.27002,725.27002,1629200.0,352,2016-05-25
353,GOOG,722.869995,728.330017,720.280029,724.119995,724.119995,1542900.0,353,2016-05-26
354,GOOG,724.01001,733.935974,724.0,732.659973,732.659973,1975000.0,354,2016-05-27
355,GOOG,731.73999,739.72998,731.26001,735.719971,735.719971,2129500.0,355,2016-05-31
356,GOOG,734.530029,737.210022,730.659973,734.150024,734.150024,1253600.0,356,2016-06-01
357,GOOG,732.5,733.02002,724.169983,730.400024,730.400024,1337600.0,357,2016-06-02
358,GOOG,729.27002,729.48999,720.559998,722.340027,722.340027,1226300.0,358,2016-06-03
359,GOOG,724.909973,724.909973,714.609985,716.549988,716.549988,1565300.0,359,2016-06-06
360,GOOG,719.840027,721.97998,716.549988,716.650024,716.650024,1336200.0,360,2016-06-07
361,GOOG,723.960022,728.570007,720.580017,728.280029,728.280029,1583700.0,361,2016-06-08
362,GOOG,722.869995,729.539978,722.335999,728.580017,728.580017,988900.0,362,2016-06-09
363,GOOG,719.469971,725.890015,716.429993,719.409973,719.409973,1216400.0,363,2016-06-10
364,GOOG,716.51001,725.440002,716.51001,718.359985,718.359985,1258900.0,364,2016-06-13
365,GOOG,716.47998,722.469971,713.119995,718.27002,718.27002,1306100.0,365,2016-06-14
366,GOOG,719.0,722.97998,717.309998,718.919983,718.919983,1214500.0,366,2016-06-15
367,GOOG,714.909973,716.650024,703.26001,710.359985,710.359985,1982500.0,367,2016-06-16
368,GOOG,708.650024,708.820007,688.452026,691.719971,691.719971,3402400.0,368,2016-06-17
369,GOOG,698.77002,702.47998,693.409973,693.710022,693.710022,2082500.0,369,2016-06-20
370,GOOG,698.400024,702.77002,692.01001,695.940002,695.940002,1465600.0,370,2016-06-21
371,GOOG,699.059998,700.859985,693.08197,697.460022,697.460022,1184300.0,371,2016-06-22
372,GOOG,697.450012,701.950012,687.0,701.869995,701.869995,2171400.0,372,2016-06-23
373,GOOG,675.169983,689.400024,673.450012,675.219971,675.219971,4449000.0,373,2016-06-24
374,GOOG,671.0,672.299988,663.283997,668.26001,668.26001,2629000.0,374,2016-06-27
375,GOOG,678.969971,680.330017,673.0,680.039978,680.039978,2173800.0,375,2016-06-28
376,GOOG,683.0,687.429016,681.409973,684.109985,684.109985,1932600.0,376,2016-06-29
377,GOOG,685.469971,692.320007,683.650024,692.099976,692.099976,1597700.0,377,2016-06-30
378,GOOG,692.200012,700.650024,692.130005,699.210022,699.210022,1344700.0,378,2016-07-01
379,GOOG,696.059998,696.940002,688.880005,694.950012,694.950012,1462600.0,379,2016-07-05
380,GOOG,689.97998,701.679993,689.090027,697.77002,697.77002,1411900.0,380,2016-07-06
381,GOOG,698.080017,698.200012,688.215027,695.359985,695.359985,1303100.0,381,2016-07-07
382,GOOG,699.5,705.710022,696.434998,705.630005,705.630005,1575200.0,382,2016-07-08
383,GOOG,708.049988,716.51001,707.23999,715.090027,715.090027,1111800.0,383,2016-07-11
384,GOOG,719.119995,722.940002,715.909973,720.640015,720.640015,1336900.0,384,2016-07-12
385,GOOG,723.619995,724.0,716.849976,716.97998,716.97998,935900.0,385,2016-07-13
386,GOOG,721.580017,722.210022,718.030029,720.950012,720.950012,950200.0,386,2016-07-14
387,GOOG,725.72998,725.73999,719.054993,719.849976,719.849976,1279300.0,387,2016-07-15
388,GOOG,722.710022,736.130005,721.190002,733.780029,733.780029,1295500.0,388,2016-07-18
389,GOOG,729.890015,736.98999,729.0,736.960022,736.960022,1227500.0,389,2016-07-19
390,GOOG,737.330017,742.130005,737.099976,741.190002,741.190002,1289700.0,390,2016-07-20
391,GOOG,740.359985,741.690002,735.830994,738.630005,738.630005,1026300.0,391,2016-07-21
392,GOOG,741.859985,743.23999,736.559998,742.73999,742.73999,1259800.0,392,2016-07-22
393,GOOG,740.669983,742.609985,737.5,739.77002,739.77002,1032400.0,393,2016-07-25
394,GOOG,739.039978,741.690002,734.27002,738.419983,738.419983,1186700.0,394,2016-07-26
395,GOOG,738.280029,744.460022,737.0,741.77002,741.77002,1497100.0,395,2016-07-27
396,GOOG,747.039978,748.650024,739.299988,745.909973,745.909973,3530200.0,396,2016-07-28
397,GOOG,772.710022,778.549988,766.77002,768.789978,768.789978,3841500.0,397,2016-07-29
398,GOOG,761.090027,780.429993,761.090027,772.880005,772.880005,2700500.0,398,2016-08-01
399,GOOG,768.690002,775.840027,767.849976,771.070007,771.070007,1784500.0,399,2016-08-02
400,GOOG,767.179993,773.210022,766.820007,773.179993,773.179993,1287400.0,400,2016-08-03
401,GOOG,772.219971,774.070007,768.794983,771.609985,771.609985,1139400.0,401,2016-08-04
402,GOOG,773.780029,783.039978,772.340027,782.219971,782.219971,1801200.0,402,2016-08-05
403,GOOG,782.0,782.630005,778.091003,781.76001,781.76001,1107900.0,403,2016-08-08
404,GOOG,781.099976,788.940002,780.570007,784.26001,784.26001,1318900.0,404,2016-08-09
405,GOOG,783.75,786.812012,782.778015,784.679993,784.679993,786400.0,405,2016-08-10
406,GOOG,785.0,789.75,782.969971,784.849976,784.849976,971100.0,406,2016-08-11
407,GOOG,781.5,783.39502,780.400024,783.219971,783.219971,740500.0,407,2016-08-12
408,GOOG,783.75,787.48999,780.109985,782.440002,782.440002,938200.0,408,2016-08-15
409,GOOG,780.299988,780.97998,773.44397,777.140015,777.140015,1028000.0,409,2016-08-16
410,GOOG,777.320007,780.809998,773.530029,779.909973,779.909973,924200.0,410,2016-08-17
411,GOOG,780.01001,782.859985,777.0,777.5,777.5,719400.0,411,2016-08-18
412,GOOG,775.0,777.099976,773.130005,775.419983,775.419983,861500.0,412,2016-08-19
413,GOOG,773.27002,774.539978,770.049988,772.150024,772.150024,951400.0,413,2016-08-22
414,GOOG,775.47998,776.440002,771.784973,772.080017,772.080017,928200.0,414,2016-08-23
415,GOOG,770.580017,774.5,767.070007,769.640015,769.640015,1072000.0,415,2016-08-24
416,GOOG,767.0,771.890015,763.184998,769.409973,769.409973,926900.0,416,2016-08-25
417,GOOG,769.0,776.080017,765.849976,769.539978,769.539978,1166700.0,417,2016-08-26
418,GOOG,768.73999,774.98999,766.61499,772.150024,772.150024,841000.0,418,2016-08-29
419,GOOG,769.330017,774.466003,766.840027,769.090027,769.090027,1130000.0,419,2016-08-30
420,GOOG,767.01001,769.090027,765.380005,767.049988,767.049988,1248600.0,420,2016-08-31
421,GOOG,769.25,771.02002,764.299988,768.780029,768.780029,925100.0,421,2016-09-01
422,GOOG,773.01001,773.919983,768.409973,771.460022,771.460022,1072700.0,422,2016-09-02
423,GOOG,773.450012,782.0,771.0,780.080017,780.080017,1442800.0,423,2016-09-06
424,GOOG,780.0,782.72998,776.200012,780.349976,780.349976,893700.0,424,2016-09-07
425,GOOG,778.590027,780.349976,773.580017,775.320007,775.320007,1260600.0,425,2016-09-08
426,GOOG,770.099976,773.244995,759.659973,759.659973,759.659973,1885500.0,426,2016-09-09
427,GOOG,755.130005,770.289978,754.0,769.02002,769.02002,1311000.0,427,2016-09-12
428,GOOG,764.47998,766.219971,755.799988,759.690002,759.690002,1395000.0,428,2016-09-13
429,GOOG,759.609985,767.679993,759.109985,762.48999,762.48999,1087400.0,429,2016-09-14
430,GOOG,762.890015,773.799988,759.960022,771.76001,771.76001,1305100.0,430,2016-09-15
431,GOOG,769.75,769.75,764.659973,768.880005,768.880005,2049300.0,431,2016-09-16
432,GOOG,772.419983,774.0,764.440979,765.700012,765.700012,1171100.0,432,2016-09-19
433,GOOG,769.0,773.330017,768.530029,771.409973,771.409973,978600.0,433,2016-09-20
434,GOOG,772.659973,777.159973,768.301025,776.219971,776.219971,1167800.0,434,2016-09-21
435,GOOG,780.0,789.849976,778.440002,787.210022,787.210022,1486200.0,435,2016-09-22
436,GOOG,786.590027,788.929993,784.150024,786.900024,786.900024,1411900.0,436,2016-09-23
437,GOOG,782.73999,782.73999,773.070007,774.210022,774.210022,1533200.0,437,2016-09-26
438,GOOG,775.5,785.98999,774.307983,783.01001,783.01001,1153200.0,438,2016-09-27
439,GOOG,777.849976,781.809998,774.969971,781.559998,781.559998,1109800.0,439,2016-09-28
440,GOOG,781.440002,785.799988,774.231995,775.01001,775.01001,1314700.0,440,2016-09-29
441,GOOG,776.330017,780.940002,774.090027,777.289978,777.289978,1585300.0,441,2016-09-30
442,GOOG,774.25,776.065002,769.5,772.559998,772.559998,1278800.0,442,2016-10-03
443,GOOG,776.030029,778.710022,772.890015,776.429993,776.429993,1201400.0,443,2016-10-04
444,GOOG,779.309998,782.070007,775.650024,776.469971,776.469971,1461200.0,444,2016-10-05
445,GOOG,779.0,780.47998,775.539978,776.859985,776.859985,1070700.0,445,2016-10-06
446,GOOG,779.659973,779.659973,770.75,775.080017,775.080017,933200.0,446,2016-10-07
447,GOOG,777.710022,789.380005,775.869995,785.940002,785.940002,1161400.0,447,2016-10-10
448,GOOG,786.659973,792.280029,780.580017,783.070007,783.070007,1372500.0,448,2016-10-11
449,GOOG,783.76001,788.130005,782.059998,786.140015,786.140015,937400.0,449,2016-10-12
450,GOOG,781.219971,781.219971,773.0,778.190002,778.190002,1365300.0,450,2016-10-13
451,GOOG,781.650024,783.950012,776.0,778.530029,778.530029,852500.0,451,2016-10-14
452,GOOG,779.799988,785.849976,777.5,779.960022,779.960022,1093000.0,452,2016-10-17
453,GOOG,787.849976,801.609985,785.565002,795.26001,795.26001,1995600.0,453,2016-10-18
454,GOOG,798.23999,804.599976,798.030029,801.5,801.5,1766800.0,454,2016-10-19
455,GOOG,803.299988,803.969971,796.030029,796.969971,796.969971,1757500.0,455,2016-10-20
456,GOOG,795.0,799.5,794.0,799.369995,799.369995,1266200.0,456,2016-10-21
457,GOOG,804.900024,815.179993,804.820007,813.109985,813.109985,1697500.0,457,2016-10-24
458,GOOG,816.679993,816.679993,805.140015,807.669983,807.669983,1576400.0,458,2016-10-25
459,GOOG,806.340027,806.97998,796.320007,799.070007,799.070007,1647700.0,459,2016-10-26
460,GOOG,801.0,803.48999,791.5,795.349976,795.349976,2749200.0,460,2016-10-27
461,GOOG,808.349976,815.48999,793.590027,795.369995,795.369995,4269900.0,461,2016-10-28
462,GOOG,795.469971,796.859985,784.0,784.539978,784.539978,2427300.0,462,2016-10-31
463,GOOG,782.890015,789.48999,775.539978,783.609985,783.609985,2406400.0,463,2016-11-01
464,GOOG,778.200012,781.650024,763.450012,768.700012,768.700012,1872400.0,464,2016-11-02
465,GOOG,767.25,769.950012,759.030029,762.130005,762.130005,1943200.0,465,2016-11-03
466,GOOG,750.659973,770.359985,750.560974,762.02002,762.02002,2134800.0,466,2016-11-04
467,GOOG,774.5,785.190002,772.549988,782.52002,782.52002,1585100.0,467,2016-11-07
468,GOOG,783.400024,795.632996,780.190002,790.51001,790.51001,1350800.0,468,2016-11-08
469,GOOG,779.940002,791.22699,771.669983,785.309998,785.309998,2607100.0,469,2016-11-09
470,GOOG,791.169983,791.169983,752.179993,762.559998,762.559998,4745200.0,470,2016-11-10
471,GOOG,756.539978,760.780029,750.380005,754.02002,754.02002,2431800.0,471,2016-11-11
472,GOOG,755.599976,757.849976,727.539978,736.080017,736.080017,3631700.0,472,2016-11-14
473,GOOG,746.969971,764.416016,746.969971,758.48999,758.48999,2384000.0,473,2016-11-15
474,GOOG,755.200012,766.359985,750.51001,764.47998,764.47998,1465200.0,474,2016-11-16
475,GOOG,766.919983,772.700012,764.22998,771.22998,771.22998,1304000.0,475,2016-11-17
476,GOOG,771.369995,775.0,760.0,760.539978,760.539978,1547100.0,476,2016-11-18
477,GOOG,762.609985,769.700012,760.599976,769.200012,769.200012,1330600.0,477,2016-11-21
478,GOOG,772.630005,776.960022,767.0,768.27002,768.27002,1593100.0,478,2016-11-22
479,GOOG,767.72998,768.28302,755.25,760.98999,760.98999,1477400.0,479,2016-11-23
480,GOOG,764.26001,765.0,760.52002,761.679993,761.679993,587400.0,480,2016-11-25
481,GOOG,760.0,779.530029,759.799988,768.23999,768.23999,2188200.0,481,2016-11-28
482,GOOG,771.530029,778.5,768.23999,770.840027,770.840027,1616600.0,482,2016-11-29
483,GOOG,770.070007,772.98999,754.830017,758.039978,758.039978,2392900.0,483,2016-11-30
484,GOOG,757.440002,759.849976,737.025024,747.919983,747.919983,3017900.0,484,2016-12-01
485,GOOG,744.590027,754.0,743.099976,750.5,750.5,1452500.0,485,2016-12-02
486,GOOG,757.710022,763.900024,752.900024,762.52002,762.52002,1394200.0,486,2016-12-05
487,GOOG,764.72998,768.830017,757.340027,759.109985,759.109985,1690700.0,487,2016-12-06
488,GOOG,761.0,771.359985,755.799988,771.190002,771.190002,1761000.0,488,2016-12-07
489,GOOG,772.47998,778.179993,767.22998,776.419983,776.419983,1488100.0,489,2016-12-08
490,GOOG,780.0,789.429993,779.020996,789.289978,789.289978,1821900.0,490,2016-12-09
491,GOOG,785.039978,791.25,784.35498,789.27002,789.27002,2104100.0,491,2016-12-12
492,GOOG,793.900024,804.380005,793.340027,796.099976,796.099976,2145200.0,492,2016-12-13
493,GOOG,797.400024,804.0,794.01001,797.070007,797.070007,1704200.0,493,2016-12-14
494,GOOG,797.340027,803.0,792.919983,797.849976,797.849976,1626500.0,494,2016-12-15
495,GOOG,800.400024,800.856018,790.289978,790.799988,790.799988,2428300.0,495,2016-12-16
496,GOOG,790.219971,797.659973,786.27002,794.200012,794.200012,1232100.0,496,2016-12-19
497,GOOG,796.76001,798.650024,793.27002,796.419983,796.419983,951000.0,497,2016-12-20
498,GOOG,795.840027,796.676025,787.099976,794.559998,794.559998,1211300.0,498,2016-12-21
499,GOOG,792.359985,793.320007,788.580017,791.26001,791.26001,972200.0,499,2016-12-22
500,GOOG,790.900024,792.73999,787.280029,789.909973,789.909973,623400.0,500,2016-12-23
501,GOOG,790.679993,797.859985,787.656982,791.549988,791.549988,789100.0,501,2016-12-27
502,GOOG,793.700012,794.22998,783.200012,785.049988,785.049988,1153800.0,502,2016-12-28
503,GOOG,783.330017,785.929993,778.919983,782.789978,782.789978,742200.0,503,2016-12-29
504,GOOG,782.75,782.780029,770.409973,771.820007,771.820007,1770000.0,504,2016-12-30
505,GOOG,778.809998,789.630005,775.799988,786.140015,786.140015,1657300.0,505,2017-01-03
506,GOOG,788.359985,791.340027,783.159973,786.900024,786.900024,1073000.0,506,2017-01-04
507,GOOG,786.080017,794.47998,785.02002,794.02002,794.02002,1335200.0,507,2017-01-05
508,GOOG,795.26001,807.900024,792.203979,806.150024,806.150024,1640200.0,508,2017-01-06
509,GOOG,806.400024,809.966003,802.830017,806.650024,806.650024,1272400.0,509,2017-01-09
510,GOOG,807.859985,809.130005,803.51001,804.789978,804.789978,1176800.0,510,2017-01-10
511,GOOG,805.0,808.150024,801.369995,807.909973,807.909973,1065900.0,511,2017-01-11
512,GOOG,807.140015,807.390015,799.169983,806.359985,806.359985,1353100.0,512,2017-01-12
513,GOOG,807.47998,811.223999,806.690002,807.880005,807.880005,1099200.0,513,2017-01-13
514,GOOG,807.080017,807.140015,800.369995,804.609985,804.609985,1355800.0,514,2017-01-17
515,GOOG,805.809998,806.205017,800.98999,806.070007,806.070007,1294400.0,515,2017-01-18
516,GOOG,805.119995,809.47998,801.799988,802.174988,802.174988,919300.0,516,2017-01-19
517,GOOG,806.909973,806.909973,801.690002,805.02002,805.02002,1670000.0,517,2017-01-20
518,GOOG,807.25,820.869995,803.73999,819.309998,819.309998,1963600.0,518,2017-01-23
519,GOOG,822.299988,825.900024,817.820984,823.869995,823.869995,1474000.0,519,2017-01-24
520,GOOG,829.619995,835.77002,825.059998,835.669983,835.669983,1494500.0,520,2017-01-25
521,GOOG,837.809998,838.0,827.01001,832.150024,832.150024,2973900.0,521,2017-01-26
522,GOOG,834.710022,841.950012,820.440002,823.309998,823.309998,2965800.0,522,2017-01-27
523,GOOG,814.659973,815.840027,799.799988,802.320007,802.320007,3246600.0,523,2017-01-30
524,GOOG,796.859985,801.25,790.52002,796.789978,796.789978,2160600.0,524,2017-01-31
525,GOOG,799.679993,801.190002,791.190002,795.695007,795.695007,2029700.0,525,2017-02-01
526,GOOG,793.799988,802.700012,792.0,798.530029,798.530029,1532100.0,526,2017-02-02
527,GOOG,802.98999,806.0,800.369995,801.48999,801.48999,1463400.0,527,2017-02-03
528,GOOG,799.700012,801.669983,795.25,801.340027,801.340027,1184500.0,528,2017-02-06
529,GOOG,803.98999,810.5,801.780029,806.969971,806.969971,1241200.0,529,2017-02-07
530,GOOG,807.0,811.840027,803.190002,808.380005,808.380005,1155300.0,530,2017-02-08
531,GOOG,809.51001,810.659973,804.539978,809.559998,809.559998,989700.0,531,2017-02-09
532,GOOG,811.700012,815.25,809.780029,813.669983,813.669983,1135000.0,532,2017-02-10
533,GOOG,816.0,820.958984,815.48999,819.23999,819.23999,1213300.0,533,2017-02-13
534,GOOG,819.0,823.0,816.0,820.450012,820.450012,1053600.0,534,2017-02-14
535,GOOG,819.359985,823.0,818.469971,818.97998,818.97998,1313600.0,535,2017-02-15
536,GOOG,819.929993,824.400024,818.97998,824.159973,824.159973,1287600.0,536,2017-02-16
537,GOOG,823.02002,828.070007,821.655029,828.070007,828.070007,1611000.0,537,2017-02-17
538,GOOG,828.659973,833.450012,828.349976,831.659973,831.659973,1262300.0,538,2017-02-21
539,GOOG,828.659973,833.25,828.640015,830.76001,830.76001,982900.0,539,2017-02-22
540,GOOG,830.119995,832.460022,822.880005,831.330017,831.330017,1472800.0,540,2017-02-23
541,GOOG,827.72998,829.0,824.200012,828.640015,828.640015,1392200.0,541,2017-02-24
542,GOOG,824.549988,830.5,824.0,829.280029,829.280029,1101500.0,542,2017-02-27
543,GOOG,825.609985,828.539978,820.200012,823.210022,823.210022,2260800.0,543,2017-02-28
544,GOOG,828.849976,836.255005,827.26001,835.23999,835.23999,1496500.0,544,2017-03-01
545,GOOG,833.849976,834.51001,829.640015,830.630005,830.630005,942500.0,545,2017-03-02
546,GOOG,830.559998,831.359985,825.750977,829.080017,829.080017,896400.0,546,2017-03-03
547,GOOG,826.950012,828.880005,822.400024,827.780029,827.780029,1109000.0,547,2017-03-06
548,GOOG,827.400024,833.409973,826.52002,831.909973,831.909973,1037600.0,548,2017-03-07
549,GOOG,833.51001,838.150024,831.789978,835.369995,835.369995,989800.0,549,2017-03-08
550,GOOG,836.0,842.0,834.210022,838.679993,838.679993,1261500.0,550,2017-03-09
551,GOOG,843.280029,844.909973,839.5,843.25,843.25,1704000.0,551,2017-03-10
552,GOOG,844.0,848.684998,843.25,845.539978,845.539978,1223600.0,552,2017-03-13
553,GOOG,843.640015,847.23999,840.799988,845.619995,845.619995,779900.0,553,2017-03-14
554,GOOG,847.590027,848.630005,840.77002,847.200012,847.200012,1381500.0,554,2017-03-15
555,GOOG,849.030029,850.849976,846.130005,848.780029,848.780029,977600.0,555,2017-03-16
556,GOOG,851.609985,853.400024,847.109985,852.119995,852.119995,1712300.0,556,2017-03-17
557,GOOG,850.01001,850.219971,845.150024,848.400024,848.400024,1231500.0,557,2017-03-20
558,GOOG,851.400024,853.5,829.02002,830.460022,830.460022,2463500.0,558,2017-03-21
559,GOOG,831.909973,835.549988,827.179993,829.590027,829.590027,1401500.0,559,2017-03-22
560,GOOG,821.0,822.570007,812.257019,817.580017,817.580017,3487100.0,560,2017-03-23
561,GOOG,820.080017,821.929993,808.890015,814.429993,814.429993,1981000.0,561,2017-03-24
562,GOOG,806.950012,821.630005,803.369995,819.51001,819.51001,1894300.0,562,2017-03-27
563,GOOG,820.409973,825.98999,814.026978,820.919983,820.919983,1620500.0,563,2017-03-28
564,GOOG,825.0,832.765015,822.380005,831.409973,831.409973,1786300.0,564,2017-03-29
565,GOOG,833.5,833.679993,829.0,831.5,831.5,1055300.0,565,2017-03-30
566,GOOG,828.969971,831.640015,827.390015,829.559998,829.559998,1401900.0,566,2017-03-31
567,GOOG,829.219971,840.849976,829.219971,838.549988,838.549988,1671500.0,567,2017-04-03
568,GOOG,831.359985,835.179993,829.036011,834.570007,834.570007,1045400.0,568,2017-04-04
569,GOOG,835.51001,842.450012,830.719971,831.409973,831.409973,1555300.0,569,2017-04-05
570,GOOG,832.400024,836.390015,826.460022,827.880005,827.880005,1254400.0,570,2017-04-06
571,GOOG,827.960022,828.484985,820.513,824.669983,824.669983,1057300.0,571,2017-04-07
572,GOOG,825.390015,829.349976,823.77002,824.72998,824.72998,978900.0,572,2017-04-10
573,GOOG,824.710022,827.427002,817.02002,823.349976,823.349976,1079700.0,573,2017-04-11
574,GOOG,821.929993,826.659973,821.02002,824.320007,824.320007,900500.0,574,2017-04-12
575,GOOG,822.140015,826.380005,821.440002,823.559998,823.559998,1122400.0,575,2017-04-13
576,GOOG,825.01001,837.75,824.469971,837.169983,837.169983,895000.0,576,2017-04-17
577,GOOG,834.219971,838.929993,832.710022,836.820007,836.820007,836700.0,577,2017-04-18
578,GOOG,839.789978,842.219971,836.289978,838.210022,838.210022,954200.0,578,2017-04-19
579,GOOG,841.440002,845.200012,839.320007,841.650024,841.650024,959000.0,579,2017-04-20
580,GOOG,842.880005,843.880005,840.599976,843.190002,843.190002,1323600.0,580,2017-04-21
581,GOOG,851.200012,863.450012,849.859985,862.76001,862.76001,1372500.0,581,2017-04-24
582,GOOG,865.0,875.0,862.809998,872.299988,872.299988,1672000.0,582,2017-04-25
583,GOOG,874.22998,876.049988,867.747986,871.72998,871.72998,1237200.0,583,2017-04-26
584,GOOG,873.599976,875.400024,870.380005,874.25,874.25,2026800.0,584,2017-04-27
585,GOOG,910.659973,916.849976,905.77002,905.960022,905.960022,3219500.0,585,2017-04-28
586,GOOG,901.940002,915.679993,901.450012,912.570007,912.570007,2116000.0,586,2017-05-01
587,GOOG,909.619995,920.77002,909.453003,916.440002,916.440002,1587200.0,587,2017-05-02
588,GOOG,914.859985,928.099976,912.54303,927.039978,927.039978,1499500.0,588,2017-05-03
589,GOOG,926.070007,935.929993,924.590027,931.659973,931.659973,1422100.0,589,2017-05-04
590,GOOG,933.539978,934.900024,925.200012,927.130005,927.130005,1911300.0,590,2017-05-05
591,GOOG,926.119995,936.924988,925.26001,934.299988,934.299988,1329800.0,591,2017-05-08
592,GOOG,936.950012,937.5,929.530029,932.169983,932.169983,1581800.0,592,2017-05-09
593,GOOG,931.97998,932.0,925.159973,928.780029,928.780029,1173900.0,593,2017-05-10
594,GOOG,925.320007,932.530029,923.030029,930.599976,930.599976,835000.0,594,2017-05-11
595,GOOG,931.530029,933.440002,927.849976,932.219971,932.219971,1050600.0,595,2017-05-12
596,GOOG,932.950012,938.25,929.340027,937.080017,937.080017,1108100.0,596,2017-05-15
597,GOOG,940.0,943.109985,937.580017,943.0,943.0,969500.0,597,2017-05-16
598,GOOG,935.669983,939.333008,918.140015,919.619995,919.619995,2362100.0,598,2017-05-17
599,GOOG,921.0,933.169983,918.75,930.23999,930.23999,1596900.0,599,2017-05-18
600,GOOG,931.469971,937.755005,931.0,934.01001,934.01001,1393000.0,600,2017-05-19
601,GOOG,935.0,941.882996,935.0,941.859985,941.859985,1120400.0,601,2017-05-22
602,GOOG,947.919983,951.46698,942.575012,948.820007,948.820007,1270800.0,602,2017-05-23
603,GOOG,952.97998,955.090027,949.5,954.960022,954.960022,1024800.0,603,2017-05-24
604,GOOG,957.330017,972.629028,955.469971,969.539978,969.539978,1660500.0,604,2017-05-25
605,GOOG,969.700012,974.97998,965.030029,971.469971,971.469971,1252000.0,605,2017-05-26
606,GOOG,970.309998,976.200012,969.48999,975.880005,975.880005,1466700.0,606,2017-05-30
607,GOOG,975.02002,979.27002,960.179993,964.859985,964.859985,2448100.0,607,2017-05-31
608,GOOG,968.950012,971.5,960.01001,966.950012,966.950012,1410500.0,608,2017-06-01
609,GOOG,969.460022,975.880005,966.0,975.599976,975.599976,1751000.0,609,2017-06-02
610,GOOG,976.549988,986.909973,975.099976,983.679993,983.679993,1252100.0,610,2017-06-05
611,GOOG,983.159973,988.25,975.140015,976.570007,976.570007,1814600.0,611,2017-06-06
612,GOOG,980.0,983.97998,975.940002,980.940002,980.940002,1453900.0,612,2017-06-07
613,GOOG,982.349976,984.570007,977.200012,983.409973,983.409973,1471500.0,613,2017-06-08
614,GOOG,984.5,984.5,935.630005,949.830017,949.830017,3309400.0,614,2017-06-09
615,GOOG,939.559998,949.35498,915.232971,942.900024,942.900024,3763500.0,615,2017-06-12
616,GOOG,951.909973,959.97998,944.090027,953.400024,953.400024,2013300.0,616,2017-06-13
617,GOOG,959.919983,961.150024,942.25,950.76001,950.76001,1489700.0,617,2017-06-14
618,GOOG,933.969971,943.338989,924.440002,942.309998,942.309998,2133100.0,618,2017-06-15
619,GOOG,940.0,942.039978,931.594971,939.780029,939.780029,3094700.0,619,2017-06-16
620,GOOG,949.960022,959.98999,949.049988,957.369995,957.369995,1533300.0,620,2017-06-19
621,GOOG,957.52002,961.619995,950.01001,950.630005,950.630005,1126000.0,621,2017-06-20
622,GOOG,953.640015,960.099976,950.76001,959.450012,959.450012,1202200.0,622,2017-06-21
623,GOOG,958.700012,960.719971,954.549988,957.090027,957.090027,941400.0,623,2017-06-22
624,GOOG,956.830017,966.0,954.200012,965.590027,965.590027,1527900.0,624,2017-06-23
625,GOOG,969.900024,973.309998,950.789978,952.27002,952.27002,1598400.0,625,2017-06-26
626,GOOG,942.460022,948.289978,926.849976,927.330017,927.330017,2579900.0,626,2017-06-27
627,GOOG,929.0,942.75,916.0,940.48999,940.48999,2721400.0,627,2017-06-28
628,GOOG,929.919983,931.26001,910.619995,917.789978,917.789978,3299200.0,628,2017-06-29
629,GOOG,926.049988,926.049988,908.309998,908.72998,908.72998,2090200.0,629,2017-06-30
630,GOOG,912.179993,913.940002,894.789978,898.700012,898.700012,1709800.0,630,2017-07-03
631,GOOG,901.76001,914.51001,898.5,911.710022,911.710022,1813900.0,631,2017-07-05
632,GOOG,904.119995,914.94397,899.700012,906.690002,906.690002,1424500.0,632,2017-07-06
633,GOOG,908.849976,921.539978,908.849976,918.590027,918.590027,1637800.0,633,2017-07-07
634,GOOG,921.77002,930.380005,919.590027,928.799988,928.799988,1192800.0,634,2017-07-10
635,GOOG,929.539978,931.429993,922.0,930.090027,930.090027,1113200.0,635,2017-07-11
636,GOOG,938.679993,946.299988,934.469971,943.830017,943.830017,1532100.0,636,2017-07-12
637,GOOG,946.289978,954.450012,943.01001,947.159973,947.159973,1294700.0,637,2017-07-13
638,GOOG,952.0,956.909973,948.005005,955.98999,955.98999,1053800.0,638,2017-07-14
639,GOOG,957.0,960.73999,949.241028,953.419983,953.419983,1165500.0,639,2017-07-17
640,GOOG,953.0,968.039978,950.599976,965.400024,965.400024,1154000.0,640,2017-07-18
641,GOOG,967.840027,973.039978,964.030029,970.890015,970.890015,1224500.0,641,2017-07-19
642,GOOG,975.0,975.900024,961.51001,968.150024,968.150024,1624500.0,642,2017-07-20
643,GOOG,962.25,973.22998,960.150024,972.919983,972.919983,1711000.0,643,2017-07-21
644,GOOG,972.219971,986.200012,970.77002,980.340027,980.340027,3248300.0,644,2017-07-24
645,GOOG,953.809998,959.700012,945.400024,950.700012,950.700012,4661000.0,645,2017-07-25
646,GOOG,954.679993,955.0,942.278992,947.799988,947.799988,2088300.0,646,2017-07-26
647,GOOG,951.780029,951.780029,920.0,934.090027,934.090027,3213000.0,647,2017-07-27
648,GOOG,929.400024,943.830017,927.5,941.530029,941.530029,1846400.0,648,2017-07-28
649,GOOG,941.890015,943.590027,926.039978,930.5,930.5,1970100.0,649,2017-07-31
650,GOOG,932.380005,937.447021,929.26001,930.830017,930.830017,1277700.0,650,2017-08-01
651,GOOG,928.609985,932.599976,916.679993,930.390015,930.390015,1824400.0,651,2017-08-02
652,GOOG,930.340027,932.23999,922.23999,923.650024,923.650024,1202500.0,652,2017-08-03
653,GOOG,926.75,930.307007,923.030029,927.960022,927.960022,1082300.0,653,2017-08-04
654,GOOG,929.059998,931.700012,926.5,929.359985,929.359985,1032200.0,654,2017-08-07
655,GOOG,927.090027,935.814026,925.609985,926.789978,926.789978,1061600.0,655,2017-08-08
656,GOOG,920.609985,925.97998,917.25,922.900024,922.900024,1192100.0,656,2017-08-09
657,GOOG,917.549988,919.26001,906.130005,907.23999,907.23999,1824000.0,657,2017-08-10
658,GOOG,907.969971,917.780029,905.580017,914.390015,914.390015,1206800.0,658,2017-08-11
659,GOOG,922.530029,924.66803,918.190002,922.669983,922.669983,1064500.0,659,2017-08-14
660,GOOG,924.22998,926.549988,919.820007,922.219971,922.219971,883400.0,660,2017-08-15
661,GOOG,925.289978,932.700012,923.445007,926.960022,926.960022,1006700.0,661,2017-08-16
662,GOOG,925.780029,926.859985,910.97998,910.97998,910.97998,1277200.0,662,2017-08-17
663,GOOG,910.309998,915.275024,907.153992,910.669983,910.669983,1342700.0,663,2017-08-18
664,GOOG,910.0,913.0,903.400024,906.659973,906.659973,943400.0,664,2017-08-21
665,GOOG,912.719971,925.859985,911.474976,924.690002,924.690002,1166700.0,665,2017-08-22
666,GOOG,921.929993,929.929993,919.359985,927.0,927.0,1090200.0,666,2017-08-23
667,GOOG,928.659973,930.840027,915.5,921.280029,921.280029,1270300.0,667,2017-08-24
668,GOOG,923.48999,925.554993,915.5,915.890015,915.890015,1053400.0,668,2017-08-25
669,GOOG,916.0,919.244995,911.869995,913.809998,913.809998,1086500.0,669,2017-08-28
670,GOOG,905.099976,923.330017,905.0,921.289978,921.289978,1185600.0,670,2017-08-29
671,GOOG,920.049988,930.81897,919.650024,929.570007,929.570007,1301200.0,671,2017-08-30
672,GOOG,931.76001,941.97998,931.76001,939.330017,939.330017,1582600.0,672,2017-08-31
673,GOOG,941.130005,942.47998,935.150024,937.340027,937.340027,947400.0,673,2017-09-01
674,GOOG,933.080017,937.0,921.960022,928.450012,928.450012,1326400.0,674,2017-09-05
675,GOOG,930.150024,930.914978,919.27002,927.809998,927.809998,1527700.0,675,2017-09-06
676,GOOG,931.72998,936.409973,923.619995,935.950012,935.950012,1212700.0,676,2017-09-07
677,GOOG,936.48999,936.98999,924.880005,926.5,926.5,1011500.0,677,2017-09-08
678,GOOG,934.25,938.380005,926.919983,929.080017,929.080017,1267000.0,678,2017-09-11
679,GOOG,932.590027,933.47998,923.861023,932.070007,932.070007,1134400.0,679,2017-09-12
680,GOOG,930.659973,937.25,929.859985,935.090027,935.090027,1102600.0,680,2017-09-13
681,GOOG,931.25,932.77002,924.0,925.109985,925.109985,1397600.0,681,2017-09-14
682,GOOG,924.659973,926.48999,916.359985,920.289978,920.289978,2505400.0,682,2017-09-15
683,GOOG,920.01001,922.080017,910.599976,915.0,915.0,1306900.0,683,2017-09-18
684,GOOG,917.419983,922.419983,912.549988,921.809998,921.809998,936700.0,684,2017-09-19
685,GOOG,922.97998,933.880005,922.0,931.580017,931.580017,1669800.0,685,2017-09-20
686,GOOG,933.0,936.530029,923.830017,932.450012,932.450012,1290600.0,686,2017-09-21
687,GOOG,927.75,934.72998,926.47998,928.530029,928.530029,1052700.0,687,2017-09-22
688,GOOG,925.450012,926.400024,909.700012,920.969971,920.969971,1856800.0,688,2017-09-25
689,GOOG,923.719971,930.820007,921.140015,924.859985,924.859985,1666900.0,689,2017-09-26
690,GOOG,927.73999,949.900024,927.73999,944.48999,944.48999,2239400.0,690,2017-09-27
691,GOOG,941.359985,950.690002,940.549988,949.5,949.5,1020300.0,691,2017-09-28
692,GOOG,952.0,959.786011,951.51001,959.109985,959.109985,1581000.0,692,2017-09-29
693,GOOG,959.97998,962.539978,947.840027,953.27002,953.27002,1283400.0,693,2017-10-02
694,GOOG,954.0,958.0,949.140015,957.789978,957.789978,888300.0,694,2017-10-03
695,GOOG,957.0,960.390015,950.690002,951.679993,951.679993,952400.0,695,2017-10-04
696,GOOG,955.48999,970.909973,955.179993,969.960022,969.960022,1213800.0,696,2017-10-05
697,GOOG,966.700012,979.460022,963.359985,978.890015,978.890015,1173900.0,697,2017-10-06
698,GOOG,980.0,985.424988,976.109985,977.0,977.0,891400.0,698,2017-10-09
699,GOOG,980.0,981.570007,966.080017,972.599976,972.599976,968400.0,699,2017-10-10
700,GOOG,973.719971,990.710022,972.25,989.25,989.25,1693300.0,700,2017-10-11
701,GOOG,987.450012,994.119995,985.0,987.830017,987.830017,1262400.0,701,2017-10-12
702,GOOG,992.0,997.210022,989.0,989.679993,989.679993,1169800.0,702,2017-10-13
703,GOOG,992.099976,993.906982,984.0,992.0,992.0,910500.0,703,2017-10-16
704,GOOG,990.289978,996.440002,988.590027,992.179993,992.179993,1290200.0,704,2017-10-17
705,GOOG,991.77002,996.719971,986.974976,992.809998,992.809998,1057600.0,705,2017-10-18
706,GOOG,986.0,988.880005,978.390015,984.450012,984.450012,1313600.0,706,2017-10-19
707,GOOG,989.440002,991.0,984.580017,988.200012,988.200012,1183200.0,707,2017-10-20
708,GOOG,989.52002,989.52002,966.119995,968.450012,968.450012,1478400.0,708,2017-10-23
709,GOOG,970.0,972.22998,961.0,970.539978,970.539978,1212200.0,709,2017-10-24
710,GOOG,968.369995,976.090027,960.52002,973.330017,973.330017,1211300.0,710,2017-10-25
711,GOOG,980.0,987.599976,972.200012,972.559998,972.559998,2042100.0,711,2017-10-26
712,GOOG,1009.190002,1048.390015,1008.200012,1019.27002,1019.27002,5167700.0,712,2017-10-27
713,GOOG,1014.0,1024.969971,1007.5,1017.109985,1017.109985,2085100.0,713,2017-10-30
714,GOOG,1015.219971,1024.0,1010.419983,1016.640015,1016.640015,1330700.0,714,2017-10-31
715,GOOG,1017.210022,1029.670044,1016.950012,1025.5,1025.5,1373400.0,715,2017-11-01
716,GOOG,1021.76001,1028.089966,1013.01001,1025.579956,1025.579956,1049000.0,716,2017-11-02
717,GOOG,1022.109985,1032.650024,1020.309998,1032.47998,1032.47998,1076400.0,717,2017-11-03
718,GOOG,1028.98999,1034.869995,1025.0,1025.900024,1025.900024,1125200.0,718,2017-11-06
719,GOOG,1027.27002,1033.969971,1025.130005,1033.329956,1033.329956,1112300.0,719,2017-11-07
720,GOOG,1030.52002,1043.521973,1028.449951,1039.849976,1039.849976,1088700.0,720,2017-11-08
721,GOOG,1033.98999,1033.98999,1019.666016,1031.26001,1031.26001,1245200.0,721,2017-11-09
722,GOOG,1026.459961,1030.76001,1025.280029,1028.069946,1028.069946,720000.0,722,2017-11-10
723,GOOG,1023.419983,1031.579956,1022.570007,1025.75,1025.75,885800.0,723,2017-11-13
724,GOOG,1022.590027,1026.810059,1014.150024,1026.0,1026.0,959200.0,724,2017-11-14
725,GOOG,1019.210022,1024.089966,1015.419983,1020.909973,1020.909973,854000.0,725,2017-11-15
726,GOOG,1022.52002,1035.920044,1022.52002,1032.5,1032.5,1129700.0,726,2017-11-16
727,GOOG,1034.01001,1034.420044,1017.75,1019.090027,1019.090027,1397100.0,727,2017-11-17
728,GOOG,1020.26001,1022.609985,1017.5,1018.380005,1018.380005,953500.0,728,2017-11-20
729,GOOG,1023.309998,1035.109985,1022.655029,1034.48999,1034.48999,1097000.0,729,2017-11-21
730,GOOG,1035.0,1039.706055,1031.430054,1035.959961,1035.959961,746300.0,730,2017-11-22
731,GOOG,1035.869995,1043.177979,1035.0,1040.609985,1040.609985,537000.0,731,2017-11-24
732,GOOG,1040.0,1055.459961,1038.439941,1054.209961,1054.209961,1307900.0,732,2017-11-27
733,GOOG,1055.089966,1062.375,1040.0,1047.410034,1047.410034,1424400.0,733,2017-11-28
734,GOOG,1042.680054,1044.079956,1015.650024,1021.659973,1021.659973,2459400.0,734,2017-11-29
735,GOOG,1022.369995,1028.48999,1015.0,1021.409973,1021.409973,1724000.0,735,2017-11-30
736,GOOG,1015.799988,1022.48999,1002.02002,1010.169983,1010.169983,1909600.0,736,2017-12-01
737,GOOG,1012.659973,1016.099976,995.570007,998.679993,998.679993,1906400.0,737,2017-12-04
738,GOOG,995.940002,1020.609985,988.280029,1005.150024,1005.150024,2067300.0,738,2017-12-05
739,GOOG,1001.5,1024.969971,1001.140015,1018.380005,1018.380005,1272000.0,739,2017-12-06
740,GOOG,1020.429993,1034.23999,1018.070984,1030.930054,1030.930054,1458200.0,740,2017-12-07
741,GOOG,1037.48999,1042.050049,1032.521973,1037.050049,1037.050049,1290800.0,741,2017-12-08
742,GOOG,1035.5,1043.800049,1032.050049,1041.099976,1041.099976,1192800.0,742,2017-12-11
743,GOOG,1039.630005,1050.310059,1033.689941,1040.47998,1040.47998,1279500.0,743,2017-12-12
744,GOOG,1046.119995,1046.665039,1038.380005,1040.609985,1040.609985,1282700.0,744,2017-12-13
745,GOOG,1045.0,1058.5,1043.109985,1049.150024,1049.150024,1558700.0,745,2017-12-14
746,GOOG,1054.609985,1067.619995,1049.5,1064.189941,1064.189941,3275900.0,746,2017-12-15
747,GOOG,1066.079956,1078.48999,1062.0,1077.140015,1077.140015,1554600.0,747,2017-12-18
748,GOOG,1075.199951,1076.839966,1063.550049,1070.680054,1070.680054,1338700.0,748,2017-12-19
749,GOOG,1071.780029,1073.380005,1061.52002,1064.949951,1064.949951,1268600.0,749,2017-12-20
750,GOOG,1064.949951,1069.329956,1061.793945,1063.630005,1063.630005,995700.0,750,2017-12-21
751,GOOG,1061.109985,1064.199951,1059.439941,1060.119995,1060.119995,755100.0,751,2017-12-22
752,GOOG,1058.069946,1060.119995,1050.199951,1056.73999,1056.73999,760600.0,752,2017-12-26
753,GOOG,1057.390015,1058.369995,1048.050049,1049.369995,1049.369995,1271900.0,753,2017-12-27
754,GOOG,1051.599976,1054.75,1044.77002,1048.140015,1048.140015,837100.0,754,2017-12-28
755,GOOG,1046.719971,1049.699951,1044.900024,1046.400024,1046.400024,887500.0,755,2017-12-29
756,GOOG,1048.339966,1066.939941,1045.22998,1065.0,1065.0,1237600.0,756,2018-01-02
757,GOOG,1064.310059,1086.290039,1063.209961,1082.47998,1082.47998,1430200.0,757,2018-01-03
758,GOOG,1088.0,1093.569946,1084.001953,1086.400024,1086.400024,1004600.0,758,2018-01-04
759,GOOG,1094.0,1104.25,1092.0,1102.22998,1102.22998,1279100.0,759,2018-01-05
760,GOOG,1102.22998,1111.27002,1101.619995,1106.939941,1106.939941,1047600.0,760,2018-01-08
761,GOOG,1109.400024,1110.569946,1101.230957,1106.26001,1106.26001,902500.0,761,2018-01-09
762,GOOG,1097.099976,1104.599976,1096.109985,1102.609985,1102.609985,1042800.0,762,2018-01-10
763,GOOG,1106.300049,1106.525024,1099.589966,1105.52002,1105.52002,978300.0,763,2018-01-11
764,GOOG,1102.410034,1124.290039,1101.150024,1122.26001,1122.26001,1720500.0,764,2018-01-12
765,GOOG,1132.51001,1139.910034,1117.832031,1121.76001,1121.76001,1575300.0,765,2018-01-16
766,GOOG,1126.219971,1132.599976,1117.01001,1131.97998,1131.97998,1198700.0,766,2018-01-17
767,GOOG,1131.410034,1132.51001,1117.5,1129.790039,1129.790039,1198200.0,767,2018-01-18
768,GOOG,1131.829956,1137.859985,1128.300049,1137.51001,1137.51001,1778200.0,768,2018-01-19
769,GOOG,1137.48999,1159.880005,1135.109985,1155.810059,1155.810059,1618000.0,769,2018-01-22
770,GOOG,1159.849976,1171.626953,1158.75,1169.969971,1169.969971,1333100.0,770,2018-01-23
771,GOOG,1177.329956,1179.859985,1161.050049,1164.23999,1164.23999,1416600.0,771,2018-01-24
772,GOOG,1172.530029,1175.939941,1162.76001,1170.369995,1170.369995,1480500.0,772,2018-01-25
773,GOOG,1175.079956,1175.839966,1158.109985,1175.839966,1175.839966,2018800.0,773,2018-01-26
774,GOOG,1176.47998,1186.890015,1171.97998,1175.579956,1175.579956,1378900.0,774,2018-01-29
775,GOOG,1167.829956,1176.52002,1163.52002,1163.689941,1163.689941,1556300.0,775,2018-01-30
776,GOOG,1170.569946,1173.0,1159.130005,1169.939941,1169.939941,1538700.0,776,2018-01-31
777,GOOG,1162.609985,1174.0,1157.52002,1167.699951,1167.699951,2412100.0,777,2018-02-01
778,GOOG,1122.0,1123.069946,1107.277954,1111.900024,1111.900024,4857900.0,778,2018-02-02
779,GOOG,1090.599976,1110.0,1052.030029,1055.800049,1055.800049,3798300.0,779,2018-02-05
780,GOOG,1027.180054,1081.709961,1023.137024,1080.599976,1080.599976,3448000.0,780,2018-02-06
781,GOOG,1081.540039,1081.780029,1048.26001,1048.579956,1048.579956,2369200.0,781,2018-02-07
782,GOOG,1055.410034,1058.619995,1000.659973,1001.52002,1001.52002,2859100.0,782,2018-02-08
783,GOOG,1017.25,1043.969971,992.559998,1037.780029,1037.780029,3505900.0,783,2018-02-09
784,GOOG,1048.0,1061.5,1040.927979,1051.939941,1051.939941,2057700.0,784,2018-02-12
785,GOOG,1045.0,1058.369995,1044.087036,1052.099976,1052.099976,1265100.0,785,2018-02-13
786,GOOG,1048.949951,1071.719971,1046.75,1069.699951,1069.699951,1555800.0,786,2018-02-14
787,GOOG,1079.069946,1091.479004,1064.339966,1089.52002,1089.52002,1843400.0,787,2018-02-15
788,GOOG,1088.410034,1104.670044,1088.312988,1094.800049,1094.800049,1681600.0,788,2018-02-16
789,GOOG,1090.569946,1113.949951,1088.52002,1102.459961,1102.459961,1423100.0,789,2018-02-20
790,GOOG,1106.469971,1133.969971,1106.329956,1111.339966,1111.339966,1512900.0,790,2018-02-21
791,GOOG,1116.189941,1122.819946,1102.589966,1106.630005,1106.630005,1317200.0,791,2018-02-22
792,GOOG,1112.640015,1127.280029,1104.713989,1126.790039,1126.790039,1261000.0,792,2018-02-23
793,GOOG,1127.800049,1143.959961,1126.694946,1143.75,1143.75,1559100.0,793,2018-02-26
794,GOOG,1141.23999,1144.040039,1118.0,1118.290039,1118.290039,1774100.0,794,2018-02-27
795,GOOG,1123.030029,1127.530029,1103.23999,1104.72998,1104.72998,1882600.0,795,2018-02-28
796,GOOG,1107.869995,1110.119995,1067.000977,1069.52002,1069.52002,2515900.0,796,2018-03-01
797,GOOG,1053.079956,1081.999023,1048.11499,1078.920044,1078.920044,2271600.0,797,2018-03-02
798,GOOG,1075.140015,1097.099976,1069.0,1090.930054,1090.930054,1202200.0,798,2018-03-05
799,GOOG,1099.219971,1101.849976,1089.775024,1095.060059,1095.060059,1532800.0,799,2018-03-06
800,GOOG,1089.189941,1112.219971,1085.482056,1109.640015,1109.640015,1292500.0,800,2018-03-07
801,GOOG,1115.319946,1127.599976,1112.800049,1126.0,1126.0,1355100.0,801,2018-03-08
802,GOOG,1136.0,1160.800049,1132.46106,1160.040039,1160.040039,2128000.0,802,2018-03-09
803,GOOG,1163.849976,1177.050049,1157.420044,1164.5,1164.5,2172300.0,803,2018-03-12
804,GOOG,1170.0,1176.76001,1133.329956,1138.170044,1138.170044,1907200.0,804,2018-03-13
805,GOOG,1145.209961,1158.589966,1141.439941,1149.48999,1149.48999,1291400.0,805,2018-03-14
806,GOOG,1149.959961,1161.079956,1134.540039,1149.579956,1149.579956,1395400.0,806,2018-03-15
807,GOOG,1154.140015,1155.880005,1131.959961,1135.72998,1135.72998,3092000.0,807,2018-03-16
808,GOOG,1120.01001,1121.98999,1089.01001,1099.819946,1099.819946,2805900.0,808,2018-03-19
809,GOOG,1099.0,1105.199951,1083.459961,1097.709961,1097.709961,1831900.0,809,2018-03-20
810,GOOG,1092.73999,1106.300049,1085.150024,1090.880005,1090.880005,1878900.0,810,2018-03-21
811,GOOG,1081.880005,1082.900024,1045.910034,1049.079956,1049.079956,2667000.0,811,2018-03-22
812,GOOG,1047.030029,1063.359985,1021.219971,1021.570007,1021.570007,2156700.0,812,2018-03-23
813,GOOG,1046.0,1055.630005,1008.400024,1053.209961,1053.209961,2665100.0,813,2018-03-26
814,GOOG,1063.0,1064.838989,996.919983,1005.099976,1005.099976,3095300.0,814,2018-03-27
815,GOOG,998.0,1024.22998,980.640015,1004.559998,1004.559998,3369300.0,815,2018-03-28
816,GOOG,1011.630005,1043.0,1002.900024,1031.790039,1031.790039,2726800.0,816,2018-03-29
817,GOOG,1022.820007,1034.800049,990.369995,1006.469971,1006.469971,2680400.0,817,2018-04-02
818,GOOG,1013.909973,1020.98999,994.070007,1013.409973,1013.409973,2275100.0,818,2018-04-03
819,GOOG,993.409973,1028.718018,993.0,1025.140015,1025.140015,2484700.0,819,2018-04-04
820,GOOG,1041.329956,1042.790039,1020.130981,1027.810059,1027.810059,1363000.0,820,2018-04-05
821,GOOG,1020.0,1031.420044,1003.030029,1007.039978,1007.039978,1746400.0,821,2018-04-06
822,GOOG,1016.799988,1039.599976,1014.080017,1015.450012,1015.450012,1751600.0,822,2018-04-09
823,GOOG,1026.439941,1036.280029,1011.340027,1031.640015,1031.640015,1974500.0,823,2018-04-10
824,GOOG,1027.98999,1031.364014,1015.869995,1019.969971,1019.969971,1483900.0,824,2018-04-11
825,GOOG,1025.040039,1040.689941,1021.434998,1032.51001,1032.51001,1357000.0,825,2018-04-12
826,GOOG,1040.880005,1046.420044,1022.97998,1029.27002,1029.27002,1223000.0,826,2018-04-13
827,GOOG,1037.0,1043.23999,1026.73999,1037.97998,1037.97998,1211200.0,827,2018-04-16
828,GOOG,1051.369995,1077.880005,1048.26001,1074.160034,1074.160034,2320300.0,828,2018-04-17
829,GOOG,1077.430054,1077.430054,1066.224976,1072.079956,1072.079956,1344100.0,829,2018-04-18
830,GOOG,1069.400024,1094.165039,1068.180054,1087.699951,1087.699951,1747700.0,830,2018-04-19
831,GOOG,1082.0,1092.349976,1069.569946,1072.959961,1072.959961,1889700.0,831,2018-04-20
832,GOOG,1077.859985,1082.719971,1060.699951,1067.449951,1067.449951,2341300.0,832,2018-04-23
833,GOOG,1052.0,1057.0,1010.590027,1019.97998,1019.97998,4760300.0,833,2018-04-24
834,GOOG,1025.52002,1032.48999,1015.309998,1021.179993,1021.179993,2391100.0,834,2018-04-25
835,GOOG,1029.51001,1047.97998,1018.190002,1040.040039,1040.040039,2079500.0,835,2018-04-26
836,GOOG,1046.0,1049.5,1025.589966,1030.050049,1030.050049,1619800.0,836,2018-04-27
837,GOOG,1030.01001,1037.0,1016.849976,1017.330017,1017.330017,1671300.0,837,2018-04-30
838,GOOG,1013.659973,1038.469971,1008.210022,1037.310059,1037.310059,1427900.0,838,2018-05-01
839,GOOG,1028.099976,1040.389038,1022.869995,1024.380005,1024.380005,1603100.0,839,2018-05-02
840,GOOG,1019.0,1029.675049,1006.289978,1023.719971,1023.719971,1815100.0,840,2018-05-03
841,GOOG,1016.900024,1048.51001,1016.900024,1048.209961,1048.209961,1938700.0,841,2018-05-04
842,GOOG,1049.22998,1061.680054,1047.099976,1054.790039,1054.790039,1466100.0,842,2018-05-07
843,GOOG,1058.540039,1060.550049,1047.14502,1053.910034,1053.910034,1217700.0,843,2018-05-08
844,GOOG,1058.099976,1085.439941,1056.36499,1082.76001,1082.76001,2032800.0,844,2018-05-09
845,GOOG,1086.030029,1100.439941,1085.640015,1097.569946,1097.569946,1443000.0,845,2018-05-10
846,GOOG,1093.599976,1101.329956,1090.910034,1098.26001,1098.26001,1253700.0,846,2018-05-11
847,GOOG,1100.0,1110.75,1099.109985,1100.199951,1100.199951,1518100.0,847,2018-05-14
848,GOOG,1090.0,1090.050049,1073.469971,1079.22998,1079.22998,1494900.0,848,2018-05-15
849,GOOG,1077.310059,1089.27002,1076.26001,1081.77002,1081.77002,1097300.0,849,2018-05-16
850,GOOG,1079.890015,1086.869995,1073.5,1078.589966,1078.589966,1043800.0,850,2018-05-17
851,GOOG,1061.859985,1069.939941,1060.680054,1066.359985,1066.359985,1565200.0,851,2018-05-18
852,GOOG,1074.060059,1088.0,1073.650024,1079.579956,1079.579956,1023200.0,852,2018-05-21
853,GOOG,1083.560059,1086.589966,1066.689941,1069.72998,1069.72998,1090000.0,853,2018-05-22
854,GOOG,1065.130005,1080.780029,1061.709961,1079.689941,1079.689941,1030000.0,854,2018-05-23
855,GOOG,1079.0,1080.469971,1066.150024,1079.23999,1079.23999,766800.0,855,2018-05-24
856,GOOG,1079.02002,1082.560059,1073.775024,1075.660034,1075.660034,899400.0,856,2018-05-25
857,GOOG,1064.890015,1073.369995,1055.219971,1060.319946,1060.319946,1865100.0,857,2018-05-29
858,GOOG,1063.030029,1069.209961,1056.829956,1067.800049,1067.800049,1138500.0,858,2018-05-30
859,GOOG,1067.560059,1097.189941,1067.560059,1084.98999,1084.98999,3088300.0,859,2018-05-31
860,GOOG,1099.349976,1120.0,1098.5,1119.5,1119.5,2421600.0,860,2018-06-01
861,GOOG,1122.329956,1141.890015,1122.005005,1139.290039,1139.290039,1889600.0,861,2018-06-04
862,GOOG,1140.98999,1145.738037,1133.189941,1139.660034,1139.660034,1678000.0,862,2018-06-05
863,GOOG,1142.170044,1143.0,1125.743042,1136.880005,1136.880005,1698200.0,863,2018-06-06
864,GOOG,1131.319946,1135.819946,1116.52002,1123.859985,1123.859985,1520000.0,864,2018-06-07
865,GOOG,1118.180054,1126.670044,1112.150024,1120.869995,1120.869995,1290800.0,865,2018-06-08
866,GOOG,1118.599976,1137.26001,1118.599976,1129.98999,1129.98999,1079300.0,866,2018-06-11
867,GOOG,1131.069946,1139.790039,1130.734985,1139.319946,1139.319946,912000.0,867,2018-06-12
868,GOOG,1141.119995,1146.5,1133.380005,1134.790039,1134.790039,1506400.0,868,2018-06-13
869,GOOG,1143.849976,1155.469971,1140.640015,1152.119995,1152.119995,1343400.0,869,2018-06-14
870,GOOG,1148.859985,1153.420044,1143.484985,1152.26001,1152.26001,2122500.0,870,2018-06-15
871,GOOG,1143.650024,1174.310059,1143.589966,1173.459961,1173.459961,1413700.0,871,2018-06-18
872,GOOG,1158.5,1171.27002,1154.01001,1168.060059,1168.060059,1621000.0,872,2018-06-19
873,GOOG,1175.310059,1186.286011,1169.160034,1169.839966,1169.839966,1648500.0,873,2018-06-20
874,GOOG,1174.849976,1177.295044,1152.232056,1157.660034,1157.660034,1238100.0,874,2018-06-21
875,GOOG,1159.140015,1162.496948,1147.26001,1155.47998,1155.47998,1311000.0,875,2018-06-22
876,GOOG,1143.599976,1143.910034,1112.780029,1124.810059,1124.810059,2157300.0,876,2018-06-25
877,GOOG,1128.0,1133.209961,1116.659058,1118.459961,1118.459961,1563200.0,877,2018-06-26
878,GOOG,1121.339966,1131.83606,1103.619995,1103.97998,1103.97998,1293900.0,878,2018-06-27
879,GOOG,1102.089966,1122.310059,1096.01001,1114.219971,1114.219971,1072400.0,879,2018-06-28
880,GOOG,1120.0,1128.227051,1115.0,1115.650024,1115.650024,1315100.0,880,2018-06-29
881,GOOG,1099.0,1128.0,1093.800049,1127.459961,1127.459961,1217300.0,881,2018-07-02
882,GOOG,1135.819946,1135.819946,1100.02002,1102.890015,1102.890015,679000.0,882,2018-07-03
883,GOOG,1110.530029,1127.5,1108.47998,1124.27002,1124.27002,1066700.0,883,2018-07-05
884,GOOG,1123.579956,1140.930054,1120.737061,1140.170044,1140.170044,996100.0,884,2018-07-06
885,GOOG,1148.47998,1154.670044,1143.420044,1154.050049,1154.050049,909000.0,885,2018-07-09
886,GOOG,1156.97998,1159.589966,1149.589966,1152.839966,1152.839966,798400.0,886,2018-07-10
887,GOOG,1144.589966,1164.290039,1141.0,1153.900024,1153.900024,1120000.0,887,2018-07-11
888,GOOG,1159.890015,1184.410034,1155.935059,1183.47998,1183.47998,1251900.0,888,2018-07-12
889,GOOG,1185.0,1195.416992,1180.0,1188.819946,1188.819946,1221900.0,889,2018-07-13
890,GOOG,1189.390015,1191.0,1179.280029,1183.859985,1183.859985,1055700.0,890,2018-07-16
891,GOOG,1172.219971,1203.040039,1170.599976,1198.800049,1198.800049,1610400.0,891,2018-07-17
892,GOOG,1196.560059,1204.5,1190.339966,1195.880005,1195.880005,1393600.0,892,2018-07-18
893,GOOG,1191.0,1200.0,1183.319946,1186.959961,1186.959961,1276700.0,893,2018-07-19
894,GOOG,1186.959961,1196.859985,1184.219971,1184.910034,1184.910034,1247400.0,894,2018-07-20
895,GOOG,1181.01001,1206.48999,1181.0,1205.5,1205.5,2619200.0,895,2018-07-23
896,GOOG,1262.589966,1266.0,1235.560059,1248.079956,1248.079956,3318200.0,896,2018-07-24
897,GOOG,1239.130005,1265.859985,1239.130005,1263.699951,1263.699951,2127800.0,897,2018-07-25
898,GOOG,1251.0,1269.770996,1249.02002,1268.329956,1268.329956,2405600.0,898,2018-07-26
899,GOOG,1271.0,1273.890015,1231.0,1238.5,1238.5,2130600.0,899,2018-07-27
900,GOOG,1228.01001,1234.916016,1211.469971,1219.73999,1219.73999,1849900.0,900,2018-07-30
901,GOOG,1220.01001,1227.588013,1205.599976,1217.26001,1217.26001,1644700.0,901,2018-07-31
902,GOOG,1228.0,1233.469971,1210.209961,1220.01001,1220.01001,1567200.0,902,2018-08-01
903,GOOG,1205.900024,1229.880005,1204.790039,1226.150024,1226.150024,1531300.0,903,2018-08-02
904,GOOG,1229.619995,1230.0,1215.060059,1223.709961,1223.709961,1089600.0,904,2018-08-03
905,GOOG,1225.0,1226.088013,1215.796997,1224.77002,1224.77002,1081700.0,905,2018-08-06
906,GOOG,1237.0,1251.170044,1236.170044,1242.219971,1242.219971,1494000.0,906,2018-08-07
907,GOOG,1240.469971,1256.5,1238.008057,1245.609985,1245.609985,1370300.0,907,2018-08-08
908,GOOG,1249.900024,1255.541992,1246.01001,1249.099976,1249.099976,841800.0,908,2018-08-09
909,GOOG,1243.0,1245.694946,1232.0,1237.609985,1237.609985,1108700.0,909,2018-08-10
910,GOOG,1236.97998,1249.272949,1233.640991,1235.01001,1235.01001,958100.0,910,2018-08-13
911,GOOG,1235.189941,1245.869995,1225.109985,1242.099976,1242.099976,1348100.0,911,2018-08-14
912,GOOG,1229.26001,1235.23999,1209.51001,1214.380005,1214.380005,1828800.0,912,2018-08-15
913,GOOG,1224.72998,1226.0,1202.550049,1206.48999,1206.48999,1343200.0,913,2018-08-16
914,GOOG,1202.030029,1209.02002,1188.23999,1200.959961,1200.959961,1389600.0,914,2018-08-17
915,GOOG,1205.02002,1211.0,1194.625977,1207.77002,1207.77002,870800.0,915,2018-08-20
916,GOOG,1208.0,1217.26001,1200.354004,1201.619995,1201.619995,1205600.0,916,2018-08-21
917,GOOG,1200.0,1211.839966,1199.0,1207.329956,1207.329956,887400.0,917,2018-08-22
918,GOOG,1207.140015,1221.280029,1204.23999,1205.380005,1205.380005,992600.0,918,2018-08-23
919,GOOG,1208.819946,1221.650024,1206.359009,1220.650024,1220.650024,946600.0,919,2018-08-24
920,GOOG,1227.599976,1243.089966,1225.715942,1241.819946,1241.819946,1156300.0,920,2018-08-27
921,GOOG,1241.290039,1242.545044,1228.689941,1231.150024,1231.150024,1304000.0,921,2018-08-28
922,GOOG,1237.449951,1250.660034,1236.359009,1249.300049,1249.300049,1298900.0,922,2018-08-29
923,GOOG,1244.22998,1253.63501,1232.589966,1239.119995,1239.119995,1331400.0,923,2018-08-30
924,GOOG,1234.97998,1238.660034,1211.285034,1218.189941,1218.189941,1816400.0,924,2018-08-31
925,GOOG,1204.27002,1212.98999,1192.5,1197.0,1197.0,1831000.0,925,2018-09-04
926,GOOG,1193.800049,1199.01001,1162.0,1186.47998,1186.47998,2061300.0,926,2018-09-05
927,GOOG,1186.300049,1186.300049,1152.0,1171.439941,1171.439941,1888500.0,927,2018-09-06
928,GOOG,1158.670044,1175.26001,1157.214966,1164.829956,1164.829956,1401300.0,928,2018-09-07
929,GOOG,1172.189941,1174.540039,1160.109985,1164.640015,1164.640015,1115400.0,929,2018-09-10
930,GOOG,1161.630005,1178.680054,1156.23999,1177.359985,1177.359985,1209300.0,930,2018-09-11
931,GOOG,1172.719971,1178.609985,1158.359985,1162.819946,1162.819946,1295500.0,931,2018-09-12
932,GOOG,1170.73999,1178.609985,1162.849976,1175.329956,1175.329956,1431200.0,932,2018-09-13
933,GOOG,1179.099976,1180.425049,1168.329956,1172.530029,1172.530029,944000.0,933,2018-09-14
934,GOOG,1170.140015,1177.23999,1154.030029,1156.050049,1156.050049,1306500.0,934,2018-09-17
935,GOOG,1157.089966,1176.079956,1157.089966,1161.219971,1161.219971,1203600.0,935,2018-09-18
936,GOOG,1164.97998,1173.209961,1154.579956,1171.089966,1171.089966,1191400.0,936,2018-09-19
937,GOOG,1179.98999,1189.890015,1173.359985,1186.869995,1186.869995,1210000.0,937,2018-09-20
938,GOOG,1192.0,1192.209961,1166.040039,1166.089966,1166.089966,4405600.0,938,2018-09-21
939,GOOG,1157.170044,1178.0,1146.910034,1173.369995,1173.369995,1271000.0,939,2018-09-24
940,GOOG,1176.150024,1186.880005,1168.0,1184.650024,1184.650024,977700.0,940,2018-09-25
941,GOOG,1185.150024,1194.22998,1174.765015,1180.48999,1180.48999,1462300.0,941,2018-09-26
942,GOOG,1186.72998,1202.099976,1183.630005,1194.640015,1194.640015,1260800.0,942,2018-09-27
943,GOOG,1191.869995,1195.410034,1184.5,1193.469971,1193.469971,1380600.0,943,2018-09-28
944,GOOG,1199.890015,1209.900024,1190.300049,1195.310059,1195.310059,1357600.0,944,2018-10-01
945,GOOG,1190.959961,1209.959961,1186.630005,1200.109985,1200.109985,1687900.0,945,2018-10-02
946,GOOG,1205.0,1206.410034,1193.829956,1202.949951,1202.949951,1256200.0,946,2018-10-03
947,GOOG,1195.329956,1197.51001,1155.57605,1168.189941,1168.189941,2209500.0,947,2018-10-04
948,GOOG,1167.5,1173.5,1145.119995,1157.349976,1157.349976,1184300.0,948,2018-10-05
949,GOOG,1150.109985,1168.0,1127.364014,1148.969971,1148.969971,1932400.0,949,2018-10-08
950,GOOG,1146.150024,1154.349976,1137.572021,1138.819946,1138.819946,1308700.0,950,2018-10-09
951,GOOG,1131.079956,1132.170044,1081.130005,1081.219971,1081.219971,2675700.0,951,2018-10-10
952,GOOG,1072.939941,1106.400024,1068.27002,1079.319946,1079.319946,2949000.0,952,2018-10-11
953,GOOG,1108.0,1115.0,1086.401978,1110.079956,1110.079956,2101300.0,953,2018-10-12
954,GOOG,1108.910034,1113.446045,1089.0,1092.25,1092.25,1372400.0,954,2018-10-15
955,GOOG,1104.589966,1124.219971,1102.5,1121.280029,1121.280029,1928500.0,955,2018-10-16
956,GOOG,1126.459961,1128.98999,1102.189941,1115.689941,1115.689941,1467200.0,956,2018-10-17
957,GOOG,1121.839966,1121.839966,1077.089966,1087.969971,1087.969971,2094500.0,957,2018-10-18
958,GOOG,1093.369995,1110.359985,1087.75,1096.459961,1096.459961,1267600.0,958,2018-10-19
959,GOOG,1103.060059,1112.22998,1091.0,1101.160034,1101.160034,1514200.0,959,2018-10-22
960,GOOG,1080.890015,1107.890015,1070.0,1103.689941,1103.689941,1848700.0,960,2018-10-23
961,GOOG,1104.25,1106.119995,1048.73999,1050.709961,1050.709961,1982400.0,961,2018-10-24
962,GOOG,1071.790039,1110.97998,1069.550049,1095.569946,1095.569946,2545800.0,962,2018-10-25
963,GOOG,1037.030029,1106.530029,1034.089966,1071.469971,1071.469971,4187600.0,963,2018-10-26
964,GOOG,1082.469971,1097.040039,995.830017,1020.080017,1020.080017,3880700.0,964,2018-10-29
965,GOOG,1008.460022,1037.48999,1000.75,1036.209961,1036.209961,3212700.0,965,2018-10-30
966,GOOG,1059.810059,1091.939941,1057.0,1076.77002,1076.77002,2529800.0,966,2018-10-31
967,GOOG,1075.800049,1083.974976,1062.459961,1070.0,1070.0,1482000.0,967,2018-11-01
968,GOOG,1073.72998,1082.974976,1054.609985,1057.790039,1057.790039,1839000.0,968,2018-11-02
969,GOOG,1055.0,1058.469971,1021.23999,1040.089966,1040.089966,2441400.0,969,2018-11-05
970,GOOG,1039.47998,1064.344971,1038.069946,1055.810059,1055.810059,1233300.0,970,2018-11-06
971,GOOG,1069.0,1095.459961,1065.900024,1093.390015,1093.390015,2058400.0,971,2018-11-07
972,GOOG,1091.380005,1093.27002,1072.204956,1082.400024,1082.400024,1488200.0,972,2018-11-08
973,GOOG,1073.98999,1075.560059,1053.109985,1066.150024,1066.150024,1343200.0,973,2018-11-09
974,GOOG,1061.390015,1062.119995,1031.0,1038.630005,1038.630005,1471800.0,974,2018-11-12
975,GOOG,1043.290039,1056.60498,1031.150024,1036.050049,1036.050049,1513700.0,975,2018-11-13
976,GOOG,1050.0,1054.563965,1031.0,1043.660034,1043.660034,1565900.0,976,2018-11-14
977,GOOG,1044.709961,1071.849976,1031.780029,1064.709961,1064.709961,1836100.0,977,2018-11-15
978,GOOG,1059.410034,1067.0,1048.97998,1061.48999,1061.48999,1658100.0,978,2018-11-16
979,GOOG,1057.199951,1060.790039,1016.26001,1020.0,1020.0,1858600.0,979,2018-11-19
980,GOOG,1000.0,1031.73999,996.02002,1025.76001,1025.76001,2449100.0,980,2018-11-20
981,GOOG,1036.76001,1048.560059,1033.469971,1037.609985,1037.609985,1534300.0,981,2018-11-21
982,GOOG,1030.0,1037.589966,1022.398987,1023.880005,1023.880005,691500.0,982,2018-11-23
983,GOOG,1038.349976,1049.310059,1033.910034,1048.619995,1048.619995,1942800.0,983,2018-11-26
984,GOOG,1041.0,1057.579956,1038.48999,1044.410034,1044.410034,1803200.0,984,2018-11-27
985,GOOG,1048.76001,1086.839966,1035.76001,1086.22998,1086.22998,2475400.0,985,2018-11-28
986,GOOG,1076.079956,1094.244995,1076.0,1088.300049,1088.300049,1468900.0,986,2018-11-29
987,GOOG,1089.069946,1095.569946,1077.880005,1094.430054,1094.430054,2580200.0,987,2018-11-30
988,GOOG,1123.140015,1124.650024,1103.665039,1106.430054,1106.430054,1991200.0,988,2018-12-03
989,GOOG,1103.119995,1104.420044,1049.97998,1050.819946,1050.819946,2345200.0,989,2018-12-04
990,GOOG,1034.26001,1071.199951,1030.77002,1068.72998,1068.72998,2769200.0,990,2018-12-06
991,GOOG,1060.01001,1075.26001,1028.5,1036.579956,1036.579956,2101200.0,991,2018-12-07
992,GOOG,1035.050049,1048.449951,1023.289978,1039.550049,1039.550049,1807700.0,992,2018-12-10
993,GOOG,1056.48999,1060.599976,1039.839966,1051.75,1051.75,1394700.0,993,2018-12-11
994,GOOG,1068.0,1081.650024,1062.790039,1063.680054,1063.680054,1523800.0,994,2018-12-12
995,GOOG,1068.069946,1079.76001,1053.930054,1061.900024,1061.900024,1329800.0,995,2018-12-13
996,GOOG,1049.97998,1062.599976,1040.790039,1042.099976,1042.099976,1686600.0,996,2018-12-14
997,GOOG,1037.51001,1053.150024,1007.900024,1016.530029,1016.530029,2385400.0,997,2018-12-17
998,GOOG,1026.089966,1049.47998,1021.440002,1028.709961,1028.709961,2192500.0,998,2018-12-18
999,GOOG,1033.98999,1062.0,1008.049988,1023.01001,1023.01001,2479300.0,999,2018-12-19
1000,GOOG,1018.130005,1034.219971,996.359985,1009.409973,1009.409973,2673500.0,1000,2018-12-20
1001,GOOG,1015.299988,1024.02002,973.690002,979.539978,979.539978,4596000.0,1001,2018-12-21
1002,GOOG,973.900024,1003.539978,970.109985,976.219971,976.219971,1590300.0,1002,2018-12-24
1003,GOOG,989.01001,1040.0,983.0,1039.459961,1039.459961,2373300.0,1003,2018-12-26
1004,GOOG,1017.150024,1043.890015,997.0,1043.880005,1043.880005,2109800.0,1004,2018-12-27
1005,GOOG,1049.619995,1055.560059,1033.099976,1037.079956,1037.079956,1414800.0,1005,2018-12-28
1006,GOOG,1050.959961,1052.699951,1023.590027,1035.609985,1035.609985,1493300.0,1006,2018-12-31
